{
  "Animation": [
    "animation-simple.js",
    "animation-rotation.js",
    "animation-easing.js",
    "animation-filter.js",
    "animation-multiprop.js",
    "animation-shared.js",
    "animation-clone.js",
    "animation-unbound.js",
    "animation-events.js",
    "animation-keyframes.js",
    "animation-color.js",
    "animation-gradient.js",
    "animation-stars.js",
    "animation-stars-2.js",
    "animation-circles.js"
  ],
  "Audio": [
    "audio-simple.js",
    "audio-tick-16.js",
    "audio-volume.js",
    "audio-boom.js",
    "audio-piano-sprite.js",
    "audio-button.js"
  ],
  "Bitmaps and Sprites": [
    "bitmap.js",
    "bitmap-source.js",
    "fill-image.js",
    "sprite.js",
    "data-url.js",
    "bitmap-memory-check.js",
    "sprite-ninja.js"
  ],
  "Color": [
    "color.js",
    "linear-gradients.js",
    "radial-gradients.js",
    "color-gradient-knight-rider.js"
  ],
  "Clipping & Masking": [
    "clip-simple.js",
    "clip-staged.js",
    "clip-animated.js",
    "clip-submovie.js",
    "clip-basic.js",
    "clip-group.js",
    "clip-and-mask.js",
    "mask-basic.js",
    "mask-group.js",
    "mask-animation.js"
  ],
  "Charts": [
    "charts-bars-3D.js",
    "charts-bubbles.js"
  ],
  "DisplayObjects": [
    "displayobject-delete.js"
  ],
  "Demos": [
    "demo-questionaire.js",
    "demo-questionaire-v2.js",
    "content-creation.js",
    "business-card.js",
    "blobs-by-manfred.js",
    "svg-lion.js"
  ],
  "Events": [
    "event-click.js",
    "event-drag.js",
    "event-bubble.js",
    "event-multi-touch.js",
    "event-multi-touch2.js",
    "event-mouse-button.js",
    "event-mouse-over-out.js",
    "key-events.js"
  ],
  "Filter": [
    "filter-blur.js",
    "filter-list.js",
    "filter-multi.js",
    "filter-frames.js",
    "filter-colorMatrix-shim.js",
    "filter-colorMatrix-shim-2.js"
  ],
  "Flash stuff": [
    "sprite-properties.js"
  ],
  "Games": [
    "pong.js",
    "asteroids.js",
    "pacman.js"
  ],
  "Grouping and Layering": [
    "group.js",
    "group-add-and-remove.js",
    "group-nested.js",
    "group-nested-remove.js",
    "layering.js"
  ],
  "Logo": [
    "bikeshed-logo-full.js"
  ],
  "Misc": [
    "stepping_feet.js",
    "rotating-square.js",
    "bitmap-move-rotation.js",
    "raining-rainbows.js",
    "10000-objects.js",
    "env.js",
    "connect-two-points.js"
  ],
  "Morph": [
    "animation-morph.js",
    "animation-morph-2.js",
    "fx-morph.js",
    "ugly2polygon-morph.js",
    "ugly2polygon-morph2.js"
  ],
  "Movies and Submovies": [
    "movie.js",
    "movie-frames.js",
    "submovie-basic.js",
    "submovie-with-asset.js",
    "nested-movies-length.js",
    "nested-movies-length-stop.js",
    "nested-movies-clear.js"
  ],
  "Path and Attributes": [
    "shape-square.js",
    "shape-simple.js",
    "shape-attributes.js",
    "shape-interval.js",
    "shape-rotate.js",
    "shape-arc.js",
    "shape-getPointAtLength.js",
    "shape-center-of-arc.js",
    "shape-fill-rule.js",
    "overlapping-paths.js",
    "bounding-box.js",
    "bounding-box-2.js"
  ],
  "Test": [
    "text.js",
    "text-fonts.js",
    "text-metrics.js",
    "svg-pattern.js"
  ],
  "TextFied": [
    "text-field.js"
  ],
  "Timeline and Frames": [
    "shape-frames.js",
    "shape-frames-seconds.js"
  ],
  "Transwf translated movies": [
    "tr-line.js",
    "tr-dropshadow.js",
    "execution-order.js"
  ],
  "UI": [
    "ui-button.js"
  ],
  "Video" : [
    "video.js",
    "video-remote.js",
    "video-onload.js",
    "video-memory-check.js"
  ],
  "Plugins" : [
    "plugin-preloader.js"
  ]
}
