{
    "rows": [{
        "id": 1,
        "product": "Chair",
        "city": "London",
        "state": "CA",
        "quantity": 1344,
        "value": 39,
        "month": 3,
        "quarter": 4,
        "year": 2009,
        "person": "Jamie Avins"
    },
    {
        "id": 2,
        "product": "Spanner",
        "city": "London",
        "state": "AZ",
        "quantity": 5540,
        "value": 39,
        "month": 4,
        "quarter": 3,
        "year": 2010,
        "person": "Abe Elias"
    },
    {
        "id": 3,
        "product": "Ladder",
        "city": "London",
        "state": "TX",
        "quantity": 1037,
        "value": 0,
        "month": 5,
        "quarter": 2,
        "year": 2010,
        "person": "Jamie Avins"
    },
    {
        "id": 4,
        "product": "Chair",
        "city": "Austin",
        "state": "CA",
        "quantity": 3823,
        "value": 16,
        "month": 4,
        "quarter": 3,
        "year": 2009,
        "person": "Tommy Maintz"
    },
    {
        "id": 5,
        "product": "Spanner",
        "city": "San Francisco",
        "state": "AZ",
        "quantity": 4737,
        "value": 23,
        "month": 8,
        "quarter": 3,
        "year": 2010,
        "person": "Ed Spencer"
    },
    {
        "id": 6,
        "product": "Spanner",
        "city": "San Francisco",
        "state": "TX",
        "quantity": 6924,
        "value": 15,
        "month": 11,
        "quarter": 4,
        "year": 2009,
        "person": "Abe Elias"
    },
    {
        "id": 7,
        "product": "Hammer",
        "city": "London",
        "state": "AZ",
        "quantity": 6509,
        "value": 1,
        "month": 11,
        "quarter": 2,
        "year": 2009,
        "person": "Abe Elias"
    },
    {
        "id": 8,
        "product": "Chair",
        "city": "San Francisco",
        "state": "CA",
        "quantity": 5014,
        "value": 22,
        "month": 10,
        "quarter": 1,
        "year": 2010,
        "person": "Jamie Avins"
    },
    {
        "id": 9,
        "product": "Spanner",
        "city": "London",
        "state": "NY",
        "quantity": 53,
        "value": 25,
        "month": 11,
        "quarter": 2,
        "year": 2010,
        "person": "Jamie Avins"
    },
    {
        "id": 10,
        "product": "Ladder",
        "city": "San Francisco",
        "state": "UK",
        "quantity": 1243,
        "value": 3,
        "month": 4,
        "quarter": 2,
        "year": 2010,
        "person": "Ed Spencer"
    },
    {
        "id": 11,
        "product": "Chair",
        "city": "San Francisco",
        "state": "AZ",
        "quantity": 7779,
        "value": 49,
        "month": 9,
        "quarter": 1,
        "year": 2010,
        "person": "Ed Spencer"
    },
    {
        "id": 12,
        "product": "Spanner",
        "city": "London",
        "state": "AZ",
        "quantity": 5817,
        "value": 38,
        "month": 10,
        "quarter": 2,
        "year": 2009,
        "person": "Abe Elias"
    },
    {
        "id": 13,
        "product": "Spanner",
        "city": "Palo Alto",
        "state": "TX",
        "quantity": 7755,
        "value": 29,
        "month": 11,
        "quarter": 1,
        "year": 2010,
        "person": "Ed Spencer"
    },
    {
        "id": 14,
        "product": "Spanner",
        "city": "Palo Alto",
        "state": "CA",
        "quantity": 1630,
        "value": 43,
        "month": 9,
        "quarter": 3,
        "year": 2010,
        "person": "Abe Elias"
    },
    {
        "id": 15,
        "product": "Ladder",
        "city": "Austin",
        "state": "CA",
        "quantity": 443,
        "value": 45,
        "month": 11,
        "quarter": 3,
        "year": 2010,
        "person": "Jamie Avins"
    },
    {
        "id": 16,
        "product": "Hammer",
        "city": "London",
        "state": "CA",
        "quantity": 8435,
        "value": 31,
        "month": 4,
        "quarter": 1,
        "year": 2009,
        "person": "Ed Spencer"
    },
    {
        "id": 17,
        "product": "Spanner",
        "city": "Austin",
        "state": "TX",
        "quantity": 6604,
        "value": 10,
        "month": 8,
        "quarter": 2,
        "year": 2010,
        "person": "Jamie Avins"
    },
    {
        "id": 18,
        "product": "Ladder",
        "city": "Palo Alto",
        "state": "UK",
        "quantity": 1866,
        "value": 19,
        "month": 10,
        "quarter": 2,
        "year": 2010,
        "person": "Tommy Maintz"
    },
    {
        "id": 19,
        "product": "Spanner",
        "city": "Austin",
        "state": "CA",
        "quantity": 4219,
        "value": 15,
        "month": 2,
        "quarter": 2,
        "year": 2009,
        "person": "Jamie Avins"
    },
    {
        "id": 20,
        "product": "Hammer",
        "city": "Palo Alto",
        "state": "UK",
        "quantity": 6893,
        "value": 16,
        "month": 9,
        "quarter": 3,
        "year": 2009,
        "person": "Jamie Avins"
    },
    {
        "id": 21,
        "product": "Spanner",
        "city": "London",
        "state": "UK",
        "quantity": 1820,
        "value": 42,
        "month": 4,
        "quarter": 1,
        "year": 2009,
        "person": "Jamie Avins"
    },
    {
        "id": 22,
        "product": "Hammer",
        "city": "Austin",
        "state": "UK",
        "quantity": 3495,
        "value": 36,
        "month": 3,
        "quarter": 3,
        "year": 2009,
        "person": "Jamie Avins"
    },
    {
        "id": 23,
        "product": "Ladder",
        "city": "Austin",
        "state": "NY",
        "quantity": 2148,
        "value": 23,
        "month": 6,
        "quarter": 3,
        "year": 2010,
        "person": "Jamie Avins"
    },
    {
        "id": 24,
        "product": "Hammer",
        "city": "San Francisco",
        "state": "AZ",
        "quantity": 7045,
        "value": 36,
        "month": 10,
        "quarter": 3,
        "year": 2010,
        "person": "Ed Spencer"
    },
    {
        "id": 25,
        "product": "Hammer",
        "city": "Palo Alto",
        "state": "UK",
        "quantity": 4045,
        "value": 37,
        "month": 3,
        "quarter": 4,
        "year": 2009,
        "person": "Ed Spencer"
    },
    {
        "id": 26,
        "product": "Hammer",
        "city": "Palo Alto",
        "state": "TX",
        "quantity": 5903,
        "value": 9,
        "month": 4,
        "quarter": 4,
        "year": 2010,
        "person": "Abe Elias"
    },
    {
        "id": 27,
        "product": "Spanner",
        "city": "Austin",
        "state": "TX",
        "quantity": 702,
        "value": 49,
        "month": 6,
        "quarter": 1,
        "year": 2009,
        "person": "Jamie Avins"
    },
    {
        "id": 28,
        "product": "Hammer",
        "city": "Palo Alto",
        "state": "AZ",
        "quantity": 966,
        "value": 13,
        "month": 10,
        "quarter": 3,
        "year": 2010,
        "person": "Jamie Avins"
    },
    {
        "id": 29,
        "product": "Ladder",
        "city": "San Francisco",
        "state": "NY",
        "quantity": 788,
        "value": 46,
        "month": 8,
        "quarter": 4,
        "year": 2010,
        "person": "Abe Elias"
    },
    {
        "id": 30,
        "product": "Chair",
        "city": "Palo Alto",
        "state": "TX",
        "quantity": 1605,
        "value": 12,
        "month": 3,
        "quarter": 2,
        "year": 2009,
        "person": "Tommy Maintz"
    },
    {
        "id": 31,
        "product": "Hammer",
        "city": "Austin",
        "state": "NY",
        "quantity": 4656,
        "value": 1,
        "month": 2,
        "quarter": 1,
        "year": 2009,
        "person": "Tommy Maintz"
    },
    {
        "id": 32,
        "product": "Chair",
        "city": "San Francisco",
        "state": "AZ",
        "quantity": 3296,
        "value": 15,
        "month": 5,
        "quarter": 4,
        "year": 2009,
        "person": "Ed Spencer"
    },
    {
        "id": 33,
        "product": "Spanner",
        "city": "San Francisco",
        "state": "AZ",
        "quantity": 6065,
        "value": 35,
        "month": 1,
        "quarter": 1,
        "year": 2009,
        "person": "Abe Elias"
    },
    {
        "id": 34,
        "product": "Spanner",
        "city": "San Francisco",
        "state": "UK",
        "quantity": 5745,
        "value": 7,
        "month": 8,
        "quarter": 3,
        "year": 2010,
        "person": "Ed Spencer"
    },
    {
        "id": 35,
        "product": "Ladder",
        "city": "Palo Alto",
        "state": "TX",
        "quantity": 2526,
        "value": 6,
        "month": 4,
        "quarter": 2,
        "year": 2010,
        "person": "Jamie Avins"
    },
    {
        "id": 36,
        "product": "Ladder",
        "city": "Austin",
        "state": "AZ",
        "quantity": 8749,
        "value": 42,
        "month": 8,
        "quarter": 4,
        "year": 2009,
        "person": "Ed Spencer"
    },
    {
        "id": 37,
        "product": "Ladder",
        "city": "Austin",
        "state": "NY",
        "quantity": 8296,
        "value": 42,
        "month": 5,
        "quarter": 2,
        "year": 2010,
        "person": "Ed Spencer"
    },
    {
        "id": 38,
        "product": "Spanner",
        "city": "Austin",
        "state": "NY",
        "quantity": 7272,
        "value": 15,
        "month": 1,
        "quarter": 3,
        "year": 2010,
        "person": "Tommy Maintz"
    },
    {
        "id": 39,
        "product": "Hammer",
        "city": "Palo Alto",
        "state": "CA",
        "quantity": 6568,
        "value": 13,
        "month": 11,
        "quarter": 1,
        "year": 2009,
        "person": "Abe Elias"
    },
    {
        "id": 40,
        "product": "Spanner",
        "city": "San Francisco",
        "state": "UK",
        "quantity": 7314,
        "value": 10,
        "month": 1,
        "quarter": 3,
        "year": 2010,
        "person": "Ed Spencer"
    },
    {
        "id": 41,
        "product": "Hammer",
        "city": "San Francisco",
        "state": "AZ",
        "quantity": 3111,
        "value": 19,
        "month": 2,
        "quarter": 2,
        "year": 2010,
        "person": "Ed Spencer"
    },
    {
        "id": 42,
        "product": "Chair",
        "city": "Austin",
        "state": "TX",
        "quantity": 1670,
        "value": 37,
        "month": 9,
        "quarter": 1,
        "year": 2009,
        "person": "Ed Spencer"
    },
    {
        "id": 43,
        "product": "Ladder",
        "city": "Palo Alto",
        "state": "NY",
        "quantity": 1936,
        "value": 24,
        "month": 5,
        "quarter": 4,
        "year": 2009,
        "person": "Abe Elias"
    },
    {
        "id": 44,
        "product": "Chair",
        "city": "London",
        "state": "UK",
        "quantity": 3985,
        "value": 5,
        "month": 5,
        "quarter": 2,
        "year": 2010,
        "person": "Tommy Maintz"
    },
    {
        "id": 45,
        "product": "Hammer",
        "city": "Palo Alto",
        "state": "TX",
        "quantity": 375,
        "value": 15,
        "month": 8,
        "quarter": 4,
        "year": 2010,
        "person": "Abe Elias"
    },
    {
        "id": 46,
        "product": "Hammer",
        "city": "London",
        "state": "TX",
        "quantity": 176,
        "value": 17,
        "month": 5,
        "quarter": 2,
        "year": 2010,
        "person": "Abe Elias"
    },
    {
        "id": 47,
        "product": "Chair",
        "city": "Palo Alto",
        "state": "NY",
        "quantity": 63,
        "value": 28,
        "month": 1,
        "quarter": 4,
        "year": 2009,
        "person": "Jamie Avins"
    },
    {
        "id": 48,
        "product": "Chair",
        "city": "San Francisco",
        "state": "TX",
        "quantity": 5488,
        "value": 37,
        "month": 2,
        "quarter": 4,
        "year": 2009,
        "person": "Jamie Avins"
    },
    {
        "id": 49,
        "product": "Ladder",
        "city": "Palo Alto",
        "state": "AZ",
        "quantity": 4748,
        "value": 46,
        "month": 6,
        "quarter": 2,
        "year": 2010,
        "person": "Abe Elias"
    },
    {
        "id": 50,
        "product": "Spanner",
        "city": "Palo Alto",
        "state": "TX",
        "quantity": 4356,
        "value": 23,
        "month": 2,
        "quarter": 1,
        "year": 2009,
        "person": "Tommy Maintz"
    },
    {
        "id": 51,
        "product": "Hammer",
        "city": "London",
        "state": "NY",
        "quantity": 5743,
        "value": 0,
        "month": 12,
        "quarter": 3,
        "year": 2010,
        "person": "Ed Spencer"
    },
    {
        "id": 52,
        "product": "Ladder",
        "city": "San Francisco",
        "state": "AZ",
        "quantity": 1236,
        "value": 16,
        "month": 6,
        "quarter": 4,
        "year": 2010,
        "person": "Ed Spencer"
    },
    {
        "id": 53,
        "product": "Hammer",
        "city": "San Francisco",
        "state": "TX",
        "quantity": 1020,
        "value": 41,
        "month": 12,
        "quarter": 1,
        "year": 2009,
        "person": "Tommy Maintz"
    },
    {
        "id": 54,
        "product": "Spanner",
        "city": "Austin",
        "state": "CA",
        "quantity": 9723,
        "value": 33,
        "month": 9,
        "quarter": 1,
        "year": 2010,
        "person": "Jamie Avins"
    },
    {
        "id": 55,
        "product": "Ladder",
        "city": "Austin",
        "state": "AZ",
        "quantity": 3028,
        "value": 8,
        "month": 6,
        "quarter": 1,
        "year": 2010,
        "person": "Tommy Maintz"
    },
    {
        "id": 56,
        "product": "Chair",
        "city": "Palo Alto",
        "state": "UK",
        "quantity": 7954,
        "value": 15,
        "month": 11,
        "quarter": 1,
        "year": 2009,
        "person": "Jamie Avins"
    },
    {
        "id": 57,
        "product": "Hammer",
        "city": "Palo Alto",
        "state": "CA",
        "quantity": 8709,
        "value": 32,
        "month": 8,
        "quarter": 3,
        "year": 2009,
        "person": "Jamie Avins"
    },
    {
        "id": 58,
        "product": "Ladder",
        "city": "London",
        "state": "CA",
        "quantity": 8540,
        "value": 41,
        "month": 1,
        "quarter": 4,
        "year": 2009,
        "person": "Abe Elias"
    },
    {
        "id": 59,
        "product": "Spanner",
        "city": "Palo Alto",
        "state": "TX",
        "quantity": 5161,
        "value": 36,
        "month": 11,
        "quarter": 3,
        "year": 2010,
        "person": "Tommy Maintz"
    },
    {
        "id": 60,
        "product": "Ladder",
        "city": "San Francisco",
        "state": "AZ",
        "quantity": 9728,
        "value": 29,
        "month": 3,
        "quarter": 2,
        "year": 2009,
        "person": "Abe Elias"
    },
    {
        "id": 61,
        "product": "Spanner",
        "city": "London",
        "state": "TX",
        "quantity": 4696,
        "value": 32,
        "month": 11,
        "quarter": 4,
        "year": 2010,
        "person": "Jamie Avins"
    },
    {
        "id": 62,
        "product": "Spanner",
        "city": "London",
        "state": "TX",
        "quantity": 5935,
        "value": 24,
        "month": 12,
        "quarter": 4,
        "year": 2009,
        "person": "Jamie Avins"
    },
    {
        "id": 63,
        "product": "Spanner",
        "city": "Palo Alto",
        "state": "CA",
        "quantity": 8798,
        "value": 39,
        "month": 5,
        "quarter": 1,
        "year": 2010,
        "person": "Ed Spencer"
    },
    {
        "id": 64,
        "product": "Ladder",
        "city": "Palo Alto",
        "state": "UK",
        "quantity": 178,
        "value": 34,
        "month": 3,
        "quarter": 2,
        "year": 2009,
        "person": "Abe Elias"
    },
    {
        "id": 65,
        "product": "Hammer",
        "city": "San Francisco",
        "state": "TX",
        "quantity": 9107,
        "value": 30,
        "month": 12,
        "quarter": 1,
        "year": 2009,
        "person": "Jamie Avins"
    },
    {
        "id": 66,
        "product": "Hammer",
        "city": "Palo Alto",
        "state": "TX",
        "quantity": 8032,
        "value": 6,
        "month": 2,
        "quarter": 4,
        "year": 2010,
        "person": "Abe Elias"
    },
    {
        "id": 67,
        "product": "Spanner",
        "city": "London",
        "state": "AZ",
        "quantity": 2499,
        "value": 42,
        "month": 6,
        "quarter": 1,
        "year": 2009,
        "person": "Ed Spencer"
    },
    {
        "id": 68,
        "product": "Hammer",
        "city": "London",
        "state": "TX",
        "quantity": 1681,
        "value": 19,
        "month": 6,
        "quarter": 2,
        "year": 2009,
        "person": "Jamie Avins"
    },
    {
        "id": 69,
        "product": "Chair",
        "city": "San Francisco",
        "state": "CA",
        "quantity": 5465,
        "value": 48,
        "month": 6,
        "quarter": 4,
        "year": 2009,
        "person": "Tommy Maintz"
    },
    {
        "id": 70,
        "product": "Chair",
        "city": "London",
        "state": "CA",
        "quantity": 1008,
        "value": 29,
        "month": 10,
        "quarter": 2,
        "year": 2010,
        "person": "Abe Elias"
    },
    {
        "id": 71,
        "product": "Ladder",
        "city": "San Francisco",
        "state": "UK",
        "quantity": 9767,
        "value": 12,
        "month": 3,
        "quarter": 2,
        "year": 2010,
        "person": "Jamie Avins"
    },
    {
        "id": 72,
        "product": "Spanner",
        "city": "London",
        "state": "CA",
        "quantity": 4924,
        "value": 0,
        "month": 10,
        "quarter": 2,
        "year": 2010,
        "person": "Abe Elias"
    },
    {
        "id": 73,
        "product": "Ladder",
        "city": "San Francisco",
        "state": "NY",
        "quantity": 1445,
        "value": 0,
        "month": 8,
        "quarter": 1,
        "year": 2010,
        "person": "Abe Elias"
    },
    {
        "id": 74,
        "product": "Spanner",
        "city": "London",
        "state": "TX",
        "quantity": 6565,
        "value": 43,
        "month": 4,
        "quarter": 2,
        "year": 2009,
        "person": "Jamie Avins"
    },
    {
        "id": 75,
        "product": "Ladder",
        "city": "San Francisco",
        "state": "UK",
        "quantity": 4169,
        "value": 21,
        "month": 4,
        "quarter": 4,
        "year": 2009,
        "person": "Ed Spencer"
    },
    {
        "id": 76,
        "product": "Chair",
        "city": "Austin",
        "state": "CA",
        "quantity": 5447,
        "value": 1,
        "month": 9,
        "quarter": 4,
        "year": 2010,
        "person": "Ed Spencer"
    },
    {
        "id": 77,
        "product": "Ladder",
        "city": "Austin",
        "state": "NY",
        "quantity": 5657,
        "value": 48,
        "month": 11,
        "quarter": 3,
        "year": 2009,
        "person": "Jamie Avins"
    },
    {
        "id": 78,
        "product": "Chair",
        "city": "Palo Alto",
        "state": "CA",
        "quantity": 7539,
        "value": 9,
        "month": 8,
        "quarter": 1,
        "year": 2009,
        "person": "Tommy Maintz"
    },
    {
        "id": 79,
        "product": "Spanner",
        "city": "Austin",
        "state": "NY",
        "quantity": 4847,
        "value": 34,
        "month": 9,
        "quarter": 4,
        "year": 2010,
        "person": "Abe Elias"
    },
    {
        "id": 80,
        "product": "Chair",
        "city": "San Francisco",
        "state": "TX",
        "quantity": 616,
        "value": 8,
        "month": 8,
        "quarter": 3,
        "year": 2009,
        "person": "Ed Spencer"
    },
    {
        "id": 81,
        "product": "Chair",
        "city": "London",
        "state": "AZ",
        "quantity": 2282,
        "value": 38,
        "month": 1,
        "quarter": 3,
        "year": 2009,
        "person": "Ed Spencer"
    },
    {
        "id": 82,
        "product": "Chair",
        "city": "Austin",
        "state": "CA",
        "quantity": 440,
        "value": 4,
        "month": 4,
        "quarter": 1,
        "year": 2010,
        "person": "Ed Spencer"
    },
    {
        "id": 83,
        "product": "Spanner",
        "city": "Austin",
        "state": "UK",
        "quantity": 9427,
        "value": 36,
        "month": 5,
        "quarter": 2,
        "year": 2009,
        "person": "Abe Elias"
    },
    {
        "id": 84,
        "product": "Chair",
        "city": "San Francisco",
        "state": "AZ",
        "quantity": 6210,
        "value": 2,
        "month": 4,
        "quarter": 3,
        "year": 2009,
        "person": "Tommy Maintz"
    },
    {
        "id": 85,
        "product": "Spanner",
        "city": "San Francisco",
        "state": "UK",
        "quantity": 2443,
        "value": 12,
        "month": 3,
        "quarter": 4,
        "year": 2009,
        "person": "Jamie Avins"
    },
    {
        "id": 86,
        "product": "Spanner",
        "city": "London",
        "state": "NY",
        "quantity": 6518,
        "value": 1,
        "month": 7,
        "quarter": 2,
        "year": 2010,
        "person": "Abe Elias"
    },
    {
        "id": 87,
        "product": "Spanner",
        "city": "Austin",
        "state": "AZ",
        "quantity": 7999,
        "value": 17,
        "month": 6,
        "quarter": 1,
        "year": 2009,
        "person": "Tommy Maintz"
    },
    {
        "id": 88,
        "product": "Ladder",
        "city": "Palo Alto",
        "state": "CA",
        "quantity": 7517,
        "value": 20,
        "month": 3,
        "quarter": 4,
        "year": 2010,
        "person": "Tommy Maintz"
    },
    {
        "id": 89,
        "product": "Hammer",
        "city": "Palo Alto",
        "state": "NY",
        "quantity": 9888,
        "value": 39,
        "month": 4,
        "quarter": 4,
        "year": 2009,
        "person": "Abe Elias"
    },
    {
        "id": 90,
        "product": "Hammer",
        "city": "Austin",
        "state": "TX",
        "quantity": 1119,
        "value": 41,
        "month": 1,
        "quarter": 4,
        "year": 2009,
        "person": "Ed Spencer"
    },
    {
        "id": 91,
        "product": "Spanner",
        "city": "London",
        "state": "TX",
        "quantity": 7233,
        "value": 6,
        "month": 7,
        "quarter": 2,
        "year": 2009,
        "person": "Ed Spencer"
    },
    {
        "id": 92,
        "product": "Chair",
        "city": "Austin",
        "state": "AZ",
        "quantity": 7511,
        "value": 42,
        "month": 3,
        "quarter": 1,
        "year": 2010,
        "person": "Jamie Avins"
    },
    {
        "id": 93,
        "product": "Ladder",
        "city": "Palo Alto",
        "state": "AZ",
        "quantity": 5840,
        "value": 3,
        "month": 11,
        "quarter": 2,
        "year": 2010,
        "person": "Ed Spencer"
    },
    {
        "id": 94,
        "product": "Hammer",
        "city": "San Francisco",
        "state": "NY",
        "quantity": 2773,
        "value": 29,
        "month": 7,
        "quarter": 1,
        "year": 2010,
        "person": "Tommy Maintz"
    },
    {
        "id": 95,
        "product": "Hammer",
        "city": "Palo Alto",
        "state": "UK",
        "quantity": 6719,
        "value": 8,
        "month": 5,
        "quarter": 2,
        "year": 2009,
        "person": "Jamie Avins"
    },
    {
        "id": 96,
        "product": "Spanner",
        "city": "San Francisco",
        "state": "UK",
        "quantity": 2358,
        "value": 26,
        "month": 7,
        "quarter": 2,
        "year": 2009,
        "person": "Ed Spencer"
    },
    {
        "id": 97,
        "product": "Spanner",
        "city": "London",
        "state": "TX",
        "quantity": 5235,
        "value": 20,
        "month": 2,
        "quarter": 4,
        "year": 2010,
        "person": "Ed Spencer"
    },
    {
        "id": 98,
        "product": "Ladder",
        "city": "Austin",
        "state": "AZ",
        "quantity": 2440,
        "value": 3,
        "month": 6,
        "quarter": 1,
        "year": 2009,
        "person": "Tommy Maintz"
    },
    {
        "id": 99,
        "product": "Ladder",
        "city": "Palo Alto",
        "state": "AZ",
        "quantity": 8615,
        "value": 45,
        "month": 6,
        "quarter": 2,
        "year": 2009,
        "person": "Abe Elias"
    },
    {
        "id": 100,
        "product": "Hammer",
        "city": "San Francisco",
        "state": "CA",
        "quantity": 2089,
        "value": 27,
        "month": 6,
        "quarter": 1,
        "year": 2009,
        "person": "Ed Spencer"
    },
    {
        "id": 101,
        "product": "Chair",
        "city": "San Francisco",
        "state": "TX",
        "quantity": 5636,
        "value": 44,
        "month": 4,
        "quarter": 2,
        "year": 2009,
        "person": "Ed Spencer"
    },
    {
        "id": 102,
        "product": "Chair",
        "city": "London",
        "state": "CA",
        "quantity": 2068,
        "value": 17,
        "month": 3,
        "quarter": 1,
        "year": 2009,
        "person": "Ed Spencer"
    },
    {
        "id": 103,
        "product": "Hammer",
        "city": "London",
        "state": "TX",
        "quantity": 1383,
        "value": 33,
        "month": 7,
        "quarter": 4,
        "year": 2009,
        "person": "Tommy Maintz"
    },
    {
        "id": 104,
        "product": "Spanner",
        "city": "Palo Alto",
        "state": "AZ",
        "quantity": 7010,
        "value": 41,
        "month": 12,
        "quarter": 2,
        "year": 2010,
        "person": "Tommy Maintz"
    },
    {
        "id": 105,
        "product": "Chair",
        "city": "San Francisco",
        "state": "AZ",
        "quantity": 1668,
        "value": 47,
        "month": 10,
        "quarter": 1,
        "year": 2009,
        "person": "Abe Elias"
    },
    {
        "id": 106,
        "product": "Ladder",
        "city": "San Francisco",
        "state": "TX",
        "quantity": 2749,
        "value": 16,
        "month": 5,
        "quarter": 4,
        "year": 2010,
        "person": "Tommy Maintz"
    },
    {
        "id": 107,
        "product": "Ladder",
        "city": "Austin",
        "state": "TX",
        "quantity": 7732,
        "value": 21,
        "month": 10,
        "quarter": 3,
        "year": 2009,
        "person": "Ed Spencer"
    },
    {
        "id": 108,
        "product": "Hammer",
        "city": "London",
        "state": "TX",
        "quantity": 9853,
        "value": 47,
        "month": 3,
        "quarter": 3,
        "year": 2010,
        "person": "Jamie Avins"
    },
    {
        "id": 109,
        "product": "Ladder",
        "city": "Austin",
        "state": "AZ",
        "quantity": 9020,
        "value": 30,
        "month": 9,
        "quarter": 3,
        "year": 2009,
        "person": "Jamie Avins"
    },
    {
        "id": 110,
        "product": "Chair",
        "city": "Palo Alto",
        "state": "CA",
        "quantity": 1108,
        "value": 26,
        "month": 3,
        "quarter": 1,
        "year": 2009,
        "person": "Jamie Avins"
    },
    {
        "id": 111,
        "product": "Chair",
        "city": "San Francisco",
        "state": "CA",
        "quantity": 9480,
        "value": 39,
        "month": 5,
        "quarter": 4,
        "year": 2010,
        "person": "Jamie Avins"
    },
    {
        "id": 112,
        "product": "Spanner",
        "city": "Palo Alto",
        "state": "AZ",
        "quantity": 7912,
        "value": 17,
        "month": 12,
        "quarter": 4,
        "year": 2009,
        "person": "Tommy Maintz"
    },
    {
        "id": 113,
        "product": "Hammer",
        "city": "London",
        "state": "CA",
        "quantity": 9323,
        "value": 19,
        "month": 7,
        "quarter": 2,
        "year": 2009,
        "person": "Abe Elias"
    },
    {
        "id": 114,
        "product": "Ladder",
        "city": "Austin",
        "state": "UK",
        "quantity": 7700,
        "value": 15,
        "month": 11,
        "quarter": 3,
        "year": 2009,
        "person": "Jamie Avins"
    },
    {
        "id": 115,
        "product": "Spanner",
        "city": "Palo Alto",
        "state": "CA",
        "quantity": 8790,
        "value": 16,
        "month": 1,
        "quarter": 1,
        "year": 2010,
        "person": "Abe Elias"
    },
    {
        "id": 116,
        "product": "Chair",
        "city": "Austin",
        "state": "NY",
        "quantity": 574,
        "value": 21,
        "month": 9,
        "quarter": 4,
        "year": 2009,
        "person": "Ed Spencer"
    },
    {
        "id": 117,
        "product": "Ladder",
        "city": "London",
        "state": "AZ",
        "quantity": 4293,
        "value": 25,
        "month": 4,
        "quarter": 4,
        "year": 2009,
        "person": "Tommy Maintz"
    },
    {
        "id": 118,
        "product": "Chair",
        "city": "London",
        "state": "NY",
        "quantity": 2408,
        "value": 28,
        "month": 3,
        "quarter": 3,
        "year": 2009,
        "person": "Tommy Maintz"
    },
    {
        "id": 119,
        "product": "Hammer",
        "city": "Austin",
        "state": "CA",
        "quantity": 6432,
        "value": 17,
        "month": 7,
        "quarter": 1,
        "year": 2010,
        "person": "Abe Elias"
    },
    {
        "id": 120,
        "product": "Ladder",
        "city": "San Francisco",
        "state": "TX",
        "quantity": 1965,
        "value": 43,
        "month": 10,
        "quarter": 2,
        "year": 2009,
        "person": "Abe Elias"
    },
    {
        "id": 121,
        "product": "Chair",
        "city": "San Francisco",
        "state": "NY",
        "quantity": 7175,
        "value": 40,
        "month": 9,
        "quarter": 1,
        "year": 2009,
        "person": "Jamie Avins"
    },
    {
        "id": 122,
        "product": "Ladder",
        "city": "Austin",
        "state": "NY",
        "quantity": 3142,
        "value": 12,
        "month": 6,
        "quarter": 1,
        "year": 2010,
        "person": "Tommy Maintz"
    },
    {
        "id": 123,
        "product": "Spanner",
        "city": "London",
        "state": "CA",
        "quantity": 8464,
        "value": 3,
        "month": 4,
        "quarter": 3,
        "year": 2009,
        "person": "Tommy Maintz"
    },
    {
        "id": 124,
        "product": "Spanner",
        "city": "Palo Alto",
        "state": "UK",
        "quantity": 1964,
        "value": 44,
        "month": 3,
        "quarter": 4,
        "year": 2009,
        "person": "Ed Spencer"
    },
    {
        "id": 125,
        "product": "Spanner",
        "city": "Austin",
        "state": "TX",
        "quantity": 8647,
        "value": 4,
        "month": 12,
        "quarter": 2,
        "year": 2009,
        "person": "Abe Elias"
    },
    {
        "id": 126,
        "product": "Ladder",
        "city": "Austin",
        "state": "TX",
        "quantity": 6428,
        "value": 24,
        "month": 4,
        "quarter": 3,
        "year": 2009,
        "person": "Jamie Avins"
    },
    {
        "id": 127,
        "product": "Spanner",
        "city": "San Francisco",
        "state": "UK",
        "quantity": 8443,
        "value": 11,
        "month": 5,
        "quarter": 4,
        "year": 2010,
        "person": "Jamie Avins"
    },
    {
        "id": 128,
        "product": "Ladder",
        "city": "San Francisco",
        "state": "UK",
        "quantity": 181,
        "value": 42,
        "month": 5,
        "quarter": 3,
        "year": 2010,
        "person": "Jamie Avins"
    },
    {
        "id": 129,
        "product": "Hammer",
        "city": "San Francisco",
        "state": "AZ",
        "quantity": 2853,
        "value": 7,
        "month": 5,
        "quarter": 1,
        "year": 2009,
        "person": "Ed Spencer"
    },
    {
        "id": 130,
        "product": "Chair",
        "city": "London",
        "state": "NY",
        "quantity": 2518,
        "value": 2,
        "month": 4,
        "quarter": 2,
        "year": 2010,
        "person": "Tommy Maintz"
    },
    {
        "id": 131,
        "product": "Hammer",
        "city": "London",
        "state": "UK",
        "quantity": 5998,
        "value": 30,
        "month": 7,
        "quarter": 3,
        "year": 2009,
        "person": "Jamie Avins"
    },
    {
        "id": 132,
        "product": "Ladder",
        "city": "London",
        "state": "UK",
        "quantity": 9048,
        "value": 39,
        "month": 7,
        "quarter": 3,
        "year": 2009,
        "person": "Abe Elias"
    },
    {
        "id": 133,
        "product": "Hammer",
        "city": "London",
        "state": "NY",
        "quantity": 7244,
        "value": 45,
        "month": 3,
        "quarter": 1,
        "year": 2009,
        "person": "Ed Spencer"
    },
    {
        "id": 134,
        "product": "Ladder",
        "city": "Palo Alto",
        "state": "TX",
        "quantity": 4484,
        "value": 2,
        "month": 2,
        "quarter": 3,
        "year": 2009,
        "person": "Ed Spencer"
    },
    {
        "id": 135,
        "product": "Chair",
        "city": "London",
        "state": "CA",
        "quantity": 2423,
        "value": 47,
        "month": 1,
        "quarter": 2,
        "year": 2009,
        "person": "Ed Spencer"
    },
    {
        "id": 136,
        "product": "Hammer",
        "city": "Palo Alto",
        "state": "TX",
        "quantity": 5902,
        "value": 40,
        "month": 6,
        "quarter": 3,
        "year": 2009,
        "person": "Jamie Avins"
    },
    {
        "id": 137,
        "product": "Spanner",
        "city": "Palo Alto",
        "state": "NY",
        "quantity": 7,
        "value": 34,
        "month": 1,
        "quarter": 1,
        "year": 2009,
        "person": "Abe Elias"
    },
    {
        "id": 138,
        "product": "Chair",
        "city": "Austin",
        "state": "UK",
        "quantity": 7022,
        "value": 17,
        "month": 4,
        "quarter": 2,
        "year": 2010,
        "person": "Ed Spencer"
    },
    {
        "id": 139,
        "product": "Chair",
        "city": "Palo Alto",
        "state": "NY",
        "quantity": 3920,
        "value": 34,
        "month": 7,
        "quarter": 4,
        "year": 2010,
        "person": "Ed Spencer"
    },
    {
        "id": 140,
        "product": "Ladder",
        "city": "Palo Alto",
        "state": "AZ",
        "quantity": 886,
        "value": 22,
        "month": 9,
        "quarter": 1,
        "year": 2010,
        "person": "Ed Spencer"
    },
    {
        "id": 141,
        "product": "Ladder",
        "city": "London",
        "state": "UK",
        "quantity": 1833,
        "value": 11,
        "month": 5,
        "quarter": 4,
        "year": 2009,
        "person": "Abe Elias"
    },
    {
        "id": 142,
        "product": "Hammer",
        "city": "London",
        "state": "TX",
        "quantity": 6781,
        "value": 47,
        "month": 3,
        "quarter": 3,
        "year": 2009,
        "person": "Tommy Maintz"
    },
    {
        "id": 143,
        "product": "Chair",
        "city": "Palo Alto",
        "state": "NY",
        "quantity": 1004,
        "value": 48,
        "month": 3,
        "quarter": 2,
        "year": 2009,
        "person": "Abe Elias"
    },
    {
        "id": 144,
        "product": "Spanner",
        "city": "San Francisco",
        "state": "NY",
        "quantity": 6409,
        "value": 37,
        "month": 2,
        "quarter": 1,
        "year": 2009,
        "person": "Jamie Avins"
    },
    {
        "id": 145,
        "product": "Spanner",
        "city": "London",
        "state": "UK",
        "quantity": 659,
        "value": 5,
        "month": 8,
        "quarter": 4,
        "year": 2009,
        "person": "Ed Spencer"
    },
    {
        "id": 146,
        "product": "Chair",
        "city": "Palo Alto",
        "state": "TX",
        "quantity": 5564,
        "value": 47,
        "month": 3,
        "quarter": 4,
        "year": 2009,
        "person": "Jamie Avins"
    },
    {
        "id": 147,
        "product": "Spanner",
        "city": "Austin",
        "state": "AZ",
        "quantity": 9636,
        "value": 8,
        "month": 11,
        "quarter": 1,
        "year": 2009,
        "person": "Tommy Maintz"
    },
    {
        "id": 148,
        "product": "Ladder",
        "city": "Austin",
        "state": "TX",
        "quantity": 5732,
        "value": 40,
        "month": 12,
        "quarter": 4,
        "year": 2009,
        "person": "Abe Elias"
    },
    {
        "id": 149,
        "product": "Chair",
        "city": "Austin",
        "state": "CA",
        "quantity": 9153,
        "value": 6,
        "month": 6,
        "quarter": 4,
        "year": 2010,
        "person": "Tommy Maintz"
    },
    {
        "id": 150,
        "product": "Hammer",
        "city": "Austin",
        "state": "UK",
        "quantity": 125,
        "value": 14,
        "month": 8,
        "quarter": 3,
        "year": 2009,
        "person": "Abe Elias"
    },
    {
        "id": 151,
        "product": "Chair",
        "city": "Austin",
        "state": "AZ",
        "quantity": 6109,
        "value": 40,
        "month": 2,
        "quarter": 1,
        "year": 2010,
        "person": "Jamie Avins"
    },
    {
        "id": 152,
        "product": "Chair",
        "city": "Palo Alto",
        "state": "UK",
        "quantity": 8556,
        "value": 19,
        "month": 10,
        "quarter": 4,
        "year": 2010,
        "person": "Abe Elias"
    },
    {
        "id": 153,
        "product": "Spanner",
        "city": "London",
        "state": "AZ",
        "quantity": 1166,
        "value": 3,
        "month": 3,
        "quarter": 4,
        "year": 2010,
        "person": "Abe Elias"
    },
    {
        "id": 154,
        "product": "Chair",
        "city": "Austin",
        "state": "UK",
        "quantity": 4605,
        "value": 43,
        "month": 7,
        "quarter": 3,
        "year": 2009,
        "person": "Jamie Avins"
    },
    {
        "id": 155,
        "product": "Chair",
        "city": "London",
        "state": "TX",
        "quantity": 2072,
        "value": 49,
        "month": 4,
        "quarter": 2,
        "year": 2009,
        "person": "Ed Spencer"
    },
    {
        "id": 156,
        "product": "Hammer",
        "city": "Palo Alto",
        "state": "CA",
        "quantity": 2565,
        "value": 11,
        "month": 4,
        "quarter": 1,
        "year": 2010,
        "person": "Ed Spencer"
    },
    {
        "id": 157,
        "product": "Chair",
        "city": "Austin",
        "state": "UK",
        "quantity": 2535,
        "value": 0,
        "month": 12,
        "quarter": 2,
        "year": 2009,
        "person": "Ed Spencer"
    },
    {
        "id": 158,
        "product": "Spanner",
        "city": "San Francisco",
        "state": "AZ",
        "quantity": 7556,
        "value": 43,
        "month": 6,
        "quarter": 4,
        "year": 2009,
        "person": "Jamie Avins"
    },
    {
        "id": 159,
        "product": "Spanner",
        "city": "Austin",
        "state": "AZ",
        "quantity": 3183,
        "value": 35,
        "month": 5,
        "quarter": 1,
        "year": 2009,
        "person": "Ed Spencer"
    },
    {
        "id": 160,
        "product": "Spanner",
        "city": "Austin",
        "state": "CA",
        "quantity": 410,
        "value": 6,
        "month": 9,
        "quarter": 1,
        "year": 2010,
        "person": "Jamie Avins"
    },
    {
        "id": 161,
        "product": "Ladder",
        "city": "London",
        "state": "CA",
        "quantity": 2191,
        "value": 16,
        "month": 9,
        "quarter": 3,
        "year": 2010,
        "person": "Tommy Maintz"
    },
    {
        "id": 162,
        "product": "Ladder",
        "city": "Austin",
        "state": "CA",
        "quantity": 3138,
        "value": 6,
        "month": 12,
        "quarter": 4,
        "year": 2010,
        "person": "Ed Spencer"
    },
    {
        "id": 163,
        "product": "Spanner",
        "city": "London",
        "state": "AZ",
        "quantity": 1024,
        "value": 32,
        "month": 8,
        "quarter": 4,
        "year": 2010,
        "person": "Jamie Avins"
    },
    {
        "id": 164,
        "product": "Hammer",
        "city": "San Francisco",
        "state": "TX",
        "quantity": 767,
        "value": 25,
        "month": 3,
        "quarter": 1,
        "year": 2010,
        "person": "Abe Elias"
    },
    {
        "id": 165,
        "product": "Spanner",
        "city": "London",
        "state": "TX",
        "quantity": 334,
        "value": 21,
        "month": 1,
        "quarter": 1,
        "year": 2010,
        "person": "Tommy Maintz"
    },
    {
        "id": 166,
        "product": "Chair",
        "city": "Austin",
        "state": "CA",
        "quantity": 8459,
        "value": 31,
        "month": 2,
        "quarter": 1,
        "year": 2010,
        "person": "Jamie Avins"
    },
    {
        "id": 167,
        "product": "Spanner",
        "city": "San Francisco",
        "state": "CA",
        "quantity": 3100,
        "value": 2,
        "month": 4,
        "quarter": 3,
        "year": 2010,
        "person": "Abe Elias"
    },
    {
        "id": 168,
        "product": "Ladder",
        "city": "London",
        "state": "NY",
        "quantity": 6599,
        "value": 18,
        "month": 2,
        "quarter": 2,
        "year": 2010,
        "person": "Abe Elias"
    },
    {
        "id": 169,
        "product": "Chair",
        "city": "Palo Alto",
        "state": "AZ",
        "quantity": 2678,
        "value": 17,
        "month": 3,
        "quarter": 2,
        "year": 2009,
        "person": "Ed Spencer"
    },
    {
        "id": 170,
        "product": "Hammer",
        "city": "San Francisco",
        "state": "NY",
        "quantity": 4115,
        "value": 45,
        "month": 10,
        "quarter": 4,
        "year": 2009,
        "person": "Tommy Maintz"
    },
    {
        "id": 171,
        "product": "Hammer",
        "city": "San Francisco",
        "state": "NY",
        "quantity": 7216,
        "value": 33,
        "month": 1,
        "quarter": 4,
        "year": 2009,
        "person": "Abe Elias"
    },
    {
        "id": 172,
        "product": "Spanner",
        "city": "Palo Alto",
        "state": "AZ",
        "quantity": 5922,
        "value": 8,
        "month": 10,
        "quarter": 2,
        "year": 2009,
        "person": "Ed Spencer"
    },
    {
        "id": 173,
        "product": "Hammer",
        "city": "London",
        "state": "CA",
        "quantity": 6539,
        "value": 45,
        "month": 2,
        "quarter": 4,
        "year": 2009,
        "person": "Tommy Maintz"
    },
    {
        "id": 174,
        "product": "Chair",
        "city": "London",
        "state": "AZ",
        "quantity": 9663,
        "value": 23,
        "month": 12,
        "quarter": 2,
        "year": 2009,
        "person": "Tommy Maintz"
    },
    {
        "id": 175,
        "product": "Ladder",
        "city": "San Francisco",
        "state": "AZ",
        "quantity": 4415,
        "value": 25,
        "month": 3,
        "quarter": 4,
        "year": 2010,
        "person": "Tommy Maintz"
    },
    {
        "id": 176,
        "product": "Chair",
        "city": "Austin",
        "state": "UK",
        "quantity": 9743,
        "value": 23,
        "month": 8,
        "quarter": 4,
        "year": 2009,
        "person": "Ed Spencer"
    },
    {
        "id": 177,
        "product": "Hammer",
        "city": "Palo Alto",
        "state": "AZ",
        "quantity": 2190,
        "value": 30,
        "month": 6,
        "quarter": 4,
        "year": 2010,
        "person": "Tommy Maintz"
    },
    {
        "id": 178,
        "product": "Ladder",
        "city": "Palo Alto",
        "state": "CA",
        "quantity": 6514,
        "value": 30,
        "month": 9,
        "quarter": 1,
        "year": 2010,
        "person": "Tommy Maintz"
    },
    {
        "id": 179,
        "product": "Ladder",
        "city": "London",
        "state": "NY",
        "quantity": 9590,
        "value": 26,
        "month": 2,
        "quarter": 1,
        "year": 2009,
        "person": "Abe Elias"
    },
    {
        "id": 180,
        "product": "Hammer",
        "city": "London",
        "state": "CA",
        "quantity": 9952,
        "value": 21,
        "month": 6,
        "quarter": 4,
        "year": 2009,
        "person": "Jamie Avins"
    },
    {
        "id": 181,
        "product": "Spanner",
        "city": "San Francisco",
        "state": "CA",
        "quantity": 3291,
        "value": 35,
        "month": 11,
        "quarter": 2,
        "year": 2010,
        "person": "Tommy Maintz"
    },
    {
        "id": 182,
        "product": "Hammer",
        "city": "Palo Alto",
        "state": "TX",
        "quantity": 6453,
        "value": 3,
        "month": 2,
        "quarter": 1,
        "year": 2010,
        "person": "Abe Elias"
    },
    {
        "id": 183,
        "product": "Chair",
        "city": "Palo Alto",
        "state": "TX",
        "quantity": 1815,
        "value": 7,
        "month": 10,
        "quarter": 2,
        "year": 2009,
        "person": "Abe Elias"
    },
    {
        "id": 184,
        "product": "Spanner",
        "city": "Palo Alto",
        "state": "NY",
        "quantity": 1295,
        "value": 13,
        "month": 3,
        "quarter": 3,
        "year": 2009,
        "person": "Tommy Maintz"
    },
    {
        "id": 185,
        "product": "Ladder",
        "city": "London",
        "state": "CA",
        "quantity": 4961,
        "value": 48,
        "month": 10,
        "quarter": 1,
        "year": 2010,
        "person": "Jamie Avins"
    },
    {
        "id": 186,
        "product": "Ladder",
        "city": "London",
        "state": "NY",
        "quantity": 9170,
        "value": 21,
        "month": 4,
        "quarter": 2,
        "year": 2009,
        "person": "Ed Spencer"
    },
    {
        "id": 187,
        "product": "Ladder",
        "city": "Palo Alto",
        "state": "CA",
        "quantity": 3757,
        "value": 16,
        "month": 3,
        "quarter": 3,
        "year": 2010,
        "person": "Abe Elias"
    },
    {
        "id": 188,
        "product": "Hammer",
        "city": "Palo Alto",
        "state": "UK",
        "quantity": 7653,
        "value": 41,
        "month": 8,
        "quarter": 2,
        "year": 2010,
        "person": "Tommy Maintz"
    },
    {
        "id": 189,
        "product": "Hammer",
        "city": "San Francisco",
        "state": "UK",
        "quantity": 5947,
        "value": 44,
        "month": 5,
        "quarter": 4,
        "year": 2009,
        "person": "Tommy Maintz"
    },
    {
        "id": 190,
        "product": "Ladder",
        "city": "Austin",
        "state": "UK",
        "quantity": 3663,
        "value": 33,
        "month": 10,
        "quarter": 2,
        "year": 2010,
        "person": "Abe Elias"
    },
    {
        "id": 191,
        "product": "Chair",
        "city": "San Francisco",
        "state": "CA",
        "quantity": 7699,
        "value": 9,
        "month": 12,
        "quarter": 4,
        "year": 2009,
        "person": "Tommy Maintz"
    },
    {
        "id": 192,
        "product": "Hammer",
        "city": "London",
        "state": "CA",
        "quantity": 4681,
        "value": 37,
        "month": 10,
        "quarter": 3,
        "year": 2010,
        "person": "Abe Elias"
    },
    {
        "id": 193,
        "product": "Chair",
        "city": "Palo Alto",
        "state": "CA",
        "quantity": 3625,
        "value": 40,
        "month": 2,
        "quarter": 3,
        "year": 2009,
        "person": "Jamie Avins"
    },
    {
        "id": 194,
        "product": "Hammer",
        "city": "San Francisco",
        "state": "NY",
        "quantity": 8500,
        "value": 25,
        "month": 2,
        "quarter": 2,
        "year": 2009,
        "person": "Jamie Avins"
    },
    {
        "id": 195,
        "product": "Hammer",
        "city": "Palo Alto",
        "state": "UK",
        "quantity": 2126,
        "value": 34,
        "month": 8,
        "quarter": 4,
        "year": 2009,
        "person": "Tommy Maintz"
    },
    {
        "id": 196,
        "product": "Hammer",
        "city": "Austin",
        "state": "CA",
        "quantity": 1002,
        "value": 4,
        "month": 6,
        "quarter": 4,
        "year": 2009,
        "person": "Tommy Maintz"
    },
    {
        "id": 197,
        "product": "Chair",
        "city": "Austin",
        "state": "TX",
        "quantity": 8518,
        "value": 27,
        "month": 11,
        "quarter": 3,
        "year": 2010,
        "person": "Abe Elias"
    },
    {
        "id": 198,
        "product": "Chair",
        "city": "London",
        "state": "NY",
        "quantity": 7199,
        "value": 11,
        "month": 3,
        "quarter": 2,
        "year": 2010,
        "person": "Jamie Avins"
    },
    {
        "id": 199,
        "product": "Chair",
        "city": "Austin",
        "state": "AZ",
        "quantity": 8760,
        "value": 46,
        "month": 1,
        "quarter": 1,
        "year": 2009,
        "person": "Jamie Avins"
    },
    {
        "id": 200,
        "product": "Hammer",
        "city": "Palo Alto",
        "state": "UK",
        "quantity": 1389,
        "value": 29,
        "month": 8,
        "quarter": 1,
        "year": 2009,
        "person": "Ed Spencer"
    },
    {
        "id": 201,
        "product": "Spanner",
        "city": "London",
        "state": "UK",
        "quantity": 6046,
        "value": 27,
        "month": 1,
        "quarter": 1,
        "year": 2009,
        "person": "Tommy Maintz"
    },
    {
        "id": 202,
        "product": "Ladder",
        "city": "London",
        "state": "AZ",
        "quantity": 8027,
        "value": 29,
        "month": 12,
        "quarter": 2,
        "year": 2009,
        "person": "Tommy Maintz"
    },
    {
        "id": 203,
        "product": "Chair",
        "city": "Palo Alto",
        "state": "NY",
        "quantity": 6807,
        "value": 29,
        "month": 9,
        "quarter": 1,
        "year": 2010,
        "person": "Abe Elias"
    },
    {
        "id": 204,
        "product": "Chair",
        "city": "London",
        "state": "AZ",
        "quantity": 6234,
        "value": 46,
        "month": 9,
        "quarter": 1,
        "year": 2009,
        "person": "Tommy Maintz"
    },
    {
        "id": 205,
        "product": "Hammer",
        "city": "London",
        "state": "NY",
        "quantity": 9660,
        "value": 36,
        "month": 4,
        "quarter": 4,
        "year": 2010,
        "person": "Tommy Maintz"
    },
    {
        "id": 206,
        "product": "Ladder",
        "city": "Austin",
        "state": "TX",
        "quantity": 185,
        "value": 13,
        "month": 9,
        "quarter": 3,
        "year": 2010,
        "person": "Ed Spencer"
    },
    {
        "id": 207,
        "product": "Ladder",
        "city": "San Francisco",
        "state": "TX",
        "quantity": 2657,
        "value": 45,
        "month": 12,
        "quarter": 4,
        "year": 2009,
        "person": "Tommy Maintz"
    },
    {
        "id": 208,
        "product": "Chair",
        "city": "San Francisco",
        "state": "AZ",
        "quantity": 8985,
        "value": 49,
        "month": 7,
        "quarter": 4,
        "year": 2009,
        "person": "Abe Elias"
    },
    {
        "id": 209,
        "product": "Ladder",
        "city": "Palo Alto",
        "state": "NY",
        "quantity": 2747,
        "value": 3,
        "month": 8,
        "quarter": 2,
        "year": 2010,
        "person": "Ed Spencer"
    },
    {
        "id": 210,
        "product": "Spanner",
        "city": "San Francisco",
        "state": "UK",
        "quantity": 5376,
        "value": 33,
        "month": 9,
        "quarter": 3,
        "year": 2010,
        "person": "Tommy Maintz"
    },
    {
        "id": 211,
        "product": "Hammer",
        "city": "Austin",
        "state": "AZ",
        "quantity": 1353,
        "value": 20,
        "month": 2,
        "quarter": 3,
        "year": 2010,
        "person": "Abe Elias"
    },
    {
        "id": 212,
        "product": "Chair",
        "city": "London",
        "state": "NY",
        "quantity": 709,
        "value": 35,
        "month": 4,
        "quarter": 4,
        "year": 2009,
        "person": "Abe Elias"
    },
    {
        "id": 213,
        "product": "Chair",
        "city": "Austin",
        "state": "UK",
        "quantity": 4984,
        "value": 41,
        "month": 7,
        "quarter": 4,
        "year": 2009,
        "person": "Ed Spencer"
    },
    {
        "id": 214,
        "product": "Spanner",
        "city": "Austin",
        "state": "CA",
        "quantity": 7892,
        "value": 48,
        "month": 3,
        "quarter": 2,
        "year": 2009,
        "person": "Jamie Avins"
    },
    {
        "id": 215,
        "product": "Ladder",
        "city": "Austin",
        "state": "TX",
        "quantity": 4083,
        "value": 46,
        "month": 6,
        "quarter": 2,
        "year": 2009,
        "person": "Ed Spencer"
    },
    {
        "id": 216,
        "product": "Chair",
        "city": "San Francisco",
        "state": "TX",
        "quantity": 7551,
        "value": 10,
        "month": 10,
        "quarter": 4,
        "year": 2009,
        "person": "Jamie Avins"
    },
    {
        "id": 217,
        "product": "Spanner",
        "city": "Palo Alto",
        "state": "AZ",
        "quantity": 584,
        "value": 37,
        "month": 7,
        "quarter": 3,
        "year": 2009,
        "person": "Tommy Maintz"
    },
    {
        "id": 218,
        "product": "Spanner",
        "city": "Palo Alto",
        "state": "CA",
        "quantity": 4529,
        "value": 2,
        "month": 4,
        "quarter": 3,
        "year": 2009,
        "person": "Tommy Maintz"
    },
    {
        "id": 219,
        "product": "Spanner",
        "city": "Palo Alto",
        "state": "CA",
        "quantity": 7596,
        "value": 37,
        "month": 11,
        "quarter": 2,
        "year": 2009,
        "person": "Jamie Avins"
    },
    {
        "id": 220,
        "product": "Spanner",
        "city": "London",
        "state": "UK",
        "quantity": 3682,
        "value": 16,
        "month": 3,
        "quarter": 4,
        "year": 2009,
        "person": "Tommy Maintz"
    },
    {
        "id": 221,
        "product": "Hammer",
        "city": "San Francisco",
        "state": "CA",
        "quantity": 6410,
        "value": 3,
        "month": 2,
        "quarter": 4,
        "year": 2010,
        "person": "Tommy Maintz"
    },
    {
        "id": 222,
        "product": "Chair",
        "city": "San Francisco",
        "state": "AZ",
        "quantity": 9452,
        "value": 44,
        "month": 3,
        "quarter": 4,
        "year": 2010,
        "person": "Ed Spencer"
    },
    {
        "id": 223,
        "product": "Chair",
        "city": "Austin",
        "state": "NY",
        "quantity": 7653,
        "value": 15,
        "month": 2,
        "quarter": 2,
        "year": 2010,
        "person": "Abe Elias"
    },
    {
        "id": 224,
        "product": "Ladder",
        "city": "Palo Alto",
        "state": "UK",
        "quantity": 4209,
        "value": 12,
        "month": 7,
        "quarter": 1,
        "year": 2009,
        "person": "Tommy Maintz"
    },
    {
        "id": 225,
        "product": "Spanner",
        "city": "Palo Alto",
        "state": "NY",
        "quantity": 7330,
        "value": 20,
        "month": 4,
        "quarter": 4,
        "year": 2010,
        "person": "Jamie Avins"
    },
    {
        "id": 226,
        "product": "Chair",
        "city": "San Francisco",
        "state": "AZ",
        "quantity": 2227,
        "value": 10,
        "month": 5,
        "quarter": 2,
        "year": 2010,
        "person": "Jamie Avins"
    },
    {
        "id": 227,
        "product": "Hammer",
        "city": "Palo Alto",
        "state": "AZ",
        "quantity": 5353,
        "value": 5,
        "month": 7,
        "quarter": 1,
        "year": 2009,
        "person": "Ed Spencer"
    },
    {
        "id": 228,
        "product": "Spanner",
        "city": "Palo Alto",
        "state": "UK",
        "quantity": 413,
        "value": 2,
        "month": 12,
        "quarter": 4,
        "year": 2009,
        "person": "Ed Spencer"
    },
    {
        "id": 229,
        "product": "Spanner",
        "city": "Austin",
        "state": "NY",
        "quantity": 9958,
        "value": 42,
        "month": 11,
        "quarter": 1,
        "year": 2009,
        "person": "Ed Spencer"
    },
    {
        "id": 230,
        "product": "Hammer",
        "city": "Palo Alto",
        "state": "TX",
        "quantity": 6653,
        "value": 25,
        "month": 7,
        "quarter": 2,
        "year": 2009,
        "person": "Tommy Maintz"
    },
    {
        "id": 231,
        "product": "Spanner",
        "city": "Palo Alto",
        "state": "UK",
        "quantity": 7979,
        "value": 38,
        "month": 11,
        "quarter": 2,
        "year": 2009,
        "person": "Tommy Maintz"
    },
    {
        "id": 232,
        "product": "Hammer",
        "city": "Palo Alto",
        "state": "NY",
        "quantity": 5079,
        "value": 7,
        "month": 4,
        "quarter": 3,
        "year": 2009,
        "person": "Jamie Avins"
    },
    {
        "id": 233,
        "product": "Chair",
        "city": "London",
        "state": "NY",
        "quantity": 9492,
        "value": 30,
        "month": 2,
        "quarter": 4,
        "year": 2009,
        "person": "Tommy Maintz"
    },
    {
        "id": 234,
        "product": "Chair",
        "city": "San Francisco",
        "state": "NY",
        "quantity": 3300,
        "value": 28,
        "month": 8,
        "quarter": 2,
        "year": 2009,
        "person": "Abe Elias"
    },
    {
        "id": 235,
        "product": "Ladder",
        "city": "San Francisco",
        "state": "UK",
        "quantity": 7366,
        "value": 33,
        "month": 6,
        "quarter": 4,
        "year": 2010,
        "person": "Ed Spencer"
    },
    {
        "id": 236,
        "product": "Spanner",
        "city": "San Francisco",
        "state": "CA",
        "quantity": 3701,
        "value": 4,
        "month": 2,
        "quarter": 4,
        "year": 2009,
        "person": "Jamie Avins"
    },
    {
        "id": 237,
        "product": "Chair",
        "city": "Palo Alto",
        "state": "CA",
        "quantity": 1511,
        "value": 48,
        "month": 10,
        "quarter": 1,
        "year": 2010,
        "person": "Jamie Avins"
    },
    {
        "id": 238,
        "product": "Chair",
        "city": "London",
        "state": "NY",
        "quantity": 6108,
        "value": 4,
        "month": 10,
        "quarter": 3,
        "year": 2010,
        "person": "Abe Elias"
    },
    {
        "id": 239,
        "product": "Chair",
        "city": "London",
        "state": "UK",
        "quantity": 3078,
        "value": 13,
        "month": 6,
        "quarter": 2,
        "year": 2009,
        "person": "Abe Elias"
    },
    {
        "id": 240,
        "product": "Ladder",
        "city": "London",
        "state": "TX",
        "quantity": 9830,
        "value": 32,
        "month": 11,
        "quarter": 3,
        "year": 2010,
        "person": "Tommy Maintz"
    },
    {
        "id": 241,
        "product": "Hammer",
        "city": "Palo Alto",
        "state": "UK",
        "quantity": 7683,
        "value": 45,
        "month": 12,
        "quarter": 3,
        "year": 2009,
        "person": "Jamie Avins"
    },
    {
        "id": 242,
        "product": "Spanner",
        "city": "Austin",
        "state": "UK",
        "quantity": 3102,
        "value": 17,
        "month": 9,
        "quarter": 2,
        "year": 2009,
        "person": "Abe Elias"
    },
    {
        "id": 243,
        "product": "Chair",
        "city": "San Francisco",
        "state": "CA",
        "quantity": 1356,
        "value": 47,
        "month": 7,
        "quarter": 2,
        "year": 2010,
        "person": "Tommy Maintz"
    },
    {
        "id": 244,
        "product": "Hammer",
        "city": "London",
        "state": "AZ",
        "quantity": 7565,
        "value": 12,
        "month": 11,
        "quarter": 3,
        "year": 2009,
        "person": "Ed Spencer"
    },
    {
        "id": 245,
        "product": "Ladder",
        "city": "London",
        "state": "TX",
        "quantity": 9819,
        "value": 11,
        "month": 8,
        "quarter": 2,
        "year": 2009,
        "person": "Abe Elias"
    },
    {
        "id": 246,
        "product": "Spanner",
        "city": "London",
        "state": "CA",
        "quantity": 5545,
        "value": 4,
        "month": 1,
        "quarter": 2,
        "year": 2009,
        "person": "Tommy Maintz"
    },
    {
        "id": 247,
        "product": "Chair",
        "city": "Austin",
        "state": "AZ",
        "quantity": 2386,
        "value": 39,
        "month": 4,
        "quarter": 3,
        "year": 2009,
        "person": "Tommy Maintz"
    },
    {
        "id": 248,
        "product": "Ladder",
        "city": "Austin",
        "state": "CA",
        "quantity": 3269,
        "value": 5,
        "month": 11,
        "quarter": 4,
        "year": 2010,
        "person": "Ed Spencer"
    },
    {
        "id": 249,
        "product": "Chair",
        "city": "London",
        "state": "CA",
        "quantity": 327,
        "value": 4,
        "month": 7,
        "quarter": 4,
        "year": 2009,
        "person": "Tommy Maintz"
    },
    {
        "id": 250,
        "product": "Chair",
        "city": "Palo Alto",
        "state": "TX",
        "quantity": 7054,
        "value": 42,
        "month": 2,
        "quarter": 1,
        "year": 2009,
        "person": "Ed Spencer"
    },
    {
        "id": 251,
        "product": "Spanner",
        "city": "Austin",
        "state": "UK",
        "quantity": 5878,
        "value": 16,
        "month": 11,
        "quarter": 1,
        "year": 2009,
        "person": "Ed Spencer"
    },
    {
        "id": 252,
        "product": "Ladder",
        "city": "Austin",
        "state": "TX",
        "quantity": 590,
        "value": 0,
        "month": 5,
        "quarter": 4,
        "year": 2010,
        "person": "Abe Elias"
    },
    {
        "id": 253,
        "product": "Hammer",
        "city": "Austin",
        "state": "NY",
        "quantity": 5169,
        "value": 49,
        "month": 7,
        "quarter": 4,
        "year": 2010,
        "person": "Tommy Maintz"
    },
    {
        "id": 254,
        "product": "Spanner",
        "city": "Palo Alto",
        "state": "TX",
        "quantity": 5388,
        "value": 36,
        "month": 6,
        "quarter": 4,
        "year": 2010,
        "person": "Jamie Avins"
    },
    {
        "id": 255,
        "product": "Ladder",
        "city": "Palo Alto",
        "state": "UK",
        "quantity": 8614,
        "value": 9,
        "month": 6,
        "quarter": 3,
        "year": 2009,
        "person": "Jamie Avins"
    },
    {
        "id": 256,
        "product": "Ladder",
        "city": "Palo Alto",
        "state": "TX",
        "quantity": 959,
        "value": 15,
        "month": 2,
        "quarter": 3,
        "year": 2010,
        "person": "Jamie Avins"
    },
    {
        "id": 257,
        "product": "Spanner",
        "city": "London",
        "state": "TX",
        "quantity": 6358,
        "value": 41,
        "month": 5,
        "quarter": 1,
        "year": 2010,
        "person": "Ed Spencer"
    },
    {
        "id": 258,
        "product": "Hammer",
        "city": "London",
        "state": "CA",
        "quantity": 497,
        "value": 7,
        "month": 1,
        "quarter": 4,
        "year": 2009,
        "person": "Tommy Maintz"
    },
    {
        "id": 259,
        "product": "Hammer",
        "city": "London",
        "state": "AZ",
        "quantity": 5215,
        "value": 6,
        "month": 10,
        "quarter": 4,
        "year": 2010,
        "person": "Tommy Maintz"
    },
    {
        "id": 260,
        "product": "Hammer",
        "city": "San Francisco",
        "state": "NY",
        "quantity": 3286,
        "value": 17,
        "month": 10,
        "quarter": 2,
        "year": 2010,
        "person": "Ed Spencer"
    },
    {
        "id": 261,
        "product": "Hammer",
        "city": "Palo Alto",
        "state": "UK",
        "quantity": 2774,
        "value": 0,
        "month": 9,
        "quarter": 4,
        "year": 2009,
        "person": "Tommy Maintz"
    },
    {
        "id": 262,
        "product": "Ladder",
        "city": "San Francisco",
        "state": "TX",
        "quantity": 2604,
        "value": 17,
        "month": 11,
        "quarter": 4,
        "year": 2010,
        "person": "Ed Spencer"
    },
    {
        "id": 263,
        "product": "Spanner",
        "city": "Austin",
        "state": "CA",
        "quantity": 8019,
        "value": 3,
        "month": 10,
        "quarter": 3,
        "year": 2010,
        "person": "Tommy Maintz"
    },
    {
        "id": 264,
        "product": "Hammer",
        "city": "Palo Alto",
        "state": "UK",
        "quantity": 3504,
        "value": 48,
        "month": 5,
        "quarter": 4,
        "year": 2009,
        "person": "Tommy Maintz"
    },
    {
        "id": 265,
        "product": "Chair",
        "city": "San Francisco",
        "state": "NY",
        "quantity": 4175,
        "value": 21,
        "month": 2,
        "quarter": 2,
        "year": 2010,
        "person": "Tommy Maintz"
    },
    {
        "id": 266,
        "product": "Chair",
        "city": "Austin",
        "state": "AZ",
        "quantity": 3112,
        "value": 11,
        "month": 11,
        "quarter": 4,
        "year": 2009,
        "person": "Abe Elias"
    },
    {
        "id": 267,
        "product": "Ladder",
        "city": "Austin",
        "state": "AZ",
        "quantity": 3843,
        "value": 32,
        "month": 10,
        "quarter": 2,
        "year": 2010,
        "person": "Abe Elias"
    },
    {
        "id": 268,
        "product": "Ladder",
        "city": "San Francisco",
        "state": "AZ",
        "quantity": 8061,
        "value": 20,
        "month": 9,
        "quarter": 2,
        "year": 2009,
        "person": "Ed Spencer"
    },
    {
        "id": 269,
        "product": "Ladder",
        "city": "Austin",
        "state": "AZ",
        "quantity": 442,
        "value": 43,
        "month": 1,
        "quarter": 2,
        "year": 2009,
        "person": "Abe Elias"
    },
    {
        "id": 270,
        "product": "Hammer",
        "city": "London",
        "state": "UK",
        "quantity": 6550,
        "value": 35,
        "month": 3,
        "quarter": 3,
        "year": 2009,
        "person": "Jamie Avins"
    },
    {
        "id": 271,
        "product": "Ladder",
        "city": "London",
        "state": "AZ",
        "quantity": 3047,
        "value": 0,
        "month": 6,
        "quarter": 1,
        "year": 2010,
        "person": "Abe Elias"
    },
    {
        "id": 272,
        "product": "Chair",
        "city": "San Francisco",
        "state": "UK",
        "quantity": 7534,
        "value": 1,
        "month": 3,
        "quarter": 2,
        "year": 2009,
        "person": "Tommy Maintz"
    },
    {
        "id": 273,
        "product": "Spanner",
        "city": "London",
        "state": "TX",
        "quantity": 1061,
        "value": 12,
        "month": 12,
        "quarter": 2,
        "year": 2009,
        "person": "Tommy Maintz"
    },
    {
        "id": 274,
        "product": "Chair",
        "city": "Austin",
        "state": "UK",
        "quantity": 5868,
        "value": 47,
        "month": 1,
        "quarter": 4,
        "year": 2010,
        "person": "Abe Elias"
    },
    {
        "id": 275,
        "product": "Spanner",
        "city": "San Francisco",
        "state": "AZ",
        "quantity": 8586,
        "value": 48,
        "month": 7,
        "quarter": 4,
        "year": 2009,
        "person": "Ed Spencer"
    },
    {
        "id": 276,
        "product": "Hammer",
        "city": "San Francisco",
        "state": "TX",
        "quantity": 3934,
        "value": 36,
        "month": 8,
        "quarter": 3,
        "year": 2010,
        "person": "Tommy Maintz"
    },
    {
        "id": 277,
        "product": "Spanner",
        "city": "Austin",
        "state": "UK",
        "quantity": 8997,
        "value": 32,
        "month": 12,
        "quarter": 3,
        "year": 2009,
        "person": "Jamie Avins"
    },
    {
        "id": 278,
        "product": "Spanner",
        "city": "San Francisco",
        "state": "AZ",
        "quantity": 5080,
        "value": 14,
        "month": 7,
        "quarter": 1,
        "year": 2009,
        "person": "Ed Spencer"
    },
    {
        "id": 279,
        "product": "Ladder",
        "city": "Austin",
        "state": "CA",
        "quantity": 1414,
        "value": 35,
        "month": 6,
        "quarter": 4,
        "year": 2010,
        "person": "Tommy Maintz"
    },
    {
        "id": 280,
        "product": "Hammer",
        "city": "London",
        "state": "TX",
        "quantity": 1367,
        "value": 43,
        "month": 8,
        "quarter": 4,
        "year": 2009,
        "person": "Jamie Avins"
    },
    {
        "id": 281,
        "product": "Ladder",
        "city": "London",
        "state": "TX",
        "quantity": 4190,
        "value": 8,
        "month": 9,
        "quarter": 2,
        "year": 2009,
        "person": "Ed Spencer"
    },
    {
        "id": 282,
        "product": "Chair",
        "city": "San Francisco",
        "state": "UK",
        "quantity": 1063,
        "value": 12,
        "month": 6,
        "quarter": 2,
        "year": 2010,
        "person": "Jamie Avins"
    },
    {
        "id": 283,
        "product": "Chair",
        "city": "London",
        "state": "UK",
        "quantity": 7732,
        "value": 10,
        "month": 12,
        "quarter": 3,
        "year": 2010,
        "person": "Jamie Avins"
    },
    {
        "id": 284,
        "product": "Ladder",
        "city": "Palo Alto",
        "state": "NY",
        "quantity": 7135,
        "value": 26,
        "month": 7,
        "quarter": 1,
        "year": 2010,
        "person": "Ed Spencer"
    },
    {
        "id": 285,
        "product": "Ladder",
        "city": "Austin",
        "state": "UK",
        "quantity": 5980,
        "value": 26,
        "month": 3,
        "quarter": 4,
        "year": 2009,
        "person": "Ed Spencer"
    },
    {
        "id": 286,
        "product": "Hammer",
        "city": "Palo Alto",
        "state": "AZ",
        "quantity": 3074,
        "value": 3,
        "month": 3,
        "quarter": 1,
        "year": 2009,
        "person": "Tommy Maintz"
    },
    {
        "id": 287,
        "product": "Spanner",
        "city": "London",
        "state": "CA",
        "quantity": 9791,
        "value": 18,
        "month": 2,
        "quarter": 2,
        "year": 2010,
        "person": "Abe Elias"
    },
    {
        "id": 288,
        "product": "Chair",
        "city": "Palo Alto",
        "state": "AZ",
        "quantity": 1098,
        "value": 33,
        "month": 4,
        "quarter": 2,
        "year": 2009,
        "person": "Ed Spencer"
    },
    {
        "id": 289,
        "product": "Spanner",
        "city": "San Francisco",
        "state": "AZ",
        "quantity": 9187,
        "value": 49,
        "month": 11,
        "quarter": 1,
        "year": 2009,
        "person": "Abe Elias"
    },
    {
        "id": 290,
        "product": "Hammer",
        "city": "London",
        "state": "CA",
        "quantity": 3577,
        "value": 25,
        "month": 1,
        "quarter": 1,
        "year": 2009,
        "person": "Jamie Avins"
    },
    {
        "id": 291,
        "product": "Spanner",
        "city": "Palo Alto",
        "state": "TX",
        "quantity": 1474,
        "value": 7,
        "month": 2,
        "quarter": 3,
        "year": 2010,
        "person": "Jamie Avins"
    },
    {
        "id": 292,
        "product": "Spanner",
        "city": "Austin",
        "state": "CA",
        "quantity": 7665,
        "value": 10,
        "month": 5,
        "quarter": 3,
        "year": 2010,
        "person": "Jamie Avins"
    },
    {
        "id": 293,
        "product": "Chair",
        "city": "Palo Alto",
        "state": "NY",
        "quantity": 1197,
        "value": 5,
        "month": 6,
        "quarter": 1,
        "year": 2009,
        "person": "Ed Spencer"
    },
    {
        "id": 294,
        "product": "Chair",
        "city": "Palo Alto",
        "state": "TX",
        "quantity": 8172,
        "value": 28,
        "month": 7,
        "quarter": 4,
        "year": 2009,
        "person": "Tommy Maintz"
    },
    {
        "id": 295,
        "product": "Chair",
        "city": "Palo Alto",
        "state": "AZ",
        "quantity": 1541,
        "value": 6,
        "month": 6,
        "quarter": 3,
        "year": 2010,
        "person": "Jamie Avins"
    },
    {
        "id": 296,
        "product": "Hammer",
        "city": "Palo Alto",
        "state": "TX",
        "quantity": 4642,
        "value": 38,
        "month": 2,
        "quarter": 4,
        "year": 2010,
        "person": "Abe Elias"
    },
    {
        "id": 297,
        "product": "Chair",
        "city": "Palo Alto",
        "state": "NY",
        "quantity": 7185,
        "value": 31,
        "month": 12,
        "quarter": 1,
        "year": 2010,
        "person": "Tommy Maintz"
    },
    {
        "id": 298,
        "product": "Chair",
        "city": "London",
        "state": "NY",
        "quantity": 3658,
        "value": 25,
        "month": 7,
        "quarter": 2,
        "year": 2010,
        "person": "Abe Elias"
    },
    {
        "id": 299,
        "product": "Spanner",
        "city": "San Francisco",
        "state": "AZ",
        "quantity": 1958,
        "value": 8,
        "month": 6,
        "quarter": 3,
        "year": 2009,
        "person": "Jamie Avins"
    },
    {
        "id": 300,
        "product": "Spanner",
        "city": "San Francisco",
        "state": "TX",
        "quantity": 6889,
        "value": 22,
        "month": 7,
        "quarter": 2,
        "year": 2010,
        "person": "Jamie Avins"
    }]
}