{"rows":[{"eyeColor":"Green","gender":"Female","handedness":"Left","birthDecade":"1980s","height":5.5,"iq":89},{"eyeColor":"Blue","gender":"Female","handedness":"Right","birthDecade":"1980s","height":6.2,"iq":86},{"eyeColor":"Blue","gender":"Male","handedness":"Right","birthDecade":"1960s","height":6.4,"iq":87},{"eyeColor":"Blue","gender":"Female","handedness":"Left","birthDecade":"1970s","height":5.8,"iq":101},{"eyeColor":"Brown","gender":"Male","handedness":"Right","birthDecade":"1960s","height":5.1,"iq":114},{"eyeColor":"Blue","gender":"Male","handedness":"Left","birthDecade":"1990s","height":5.5,"iq":123},{"eyeColor":"Brown","gender":"Female","handedness":"Left","birthDecade":"1990s","height":6.3,"iq":76},{"eyeColor":"Green","gender":"Female","handedness":"Left","birthDecade":"1980s","height":5.6,"iq":105},{"eyeColor":"Blue","gender":"Male","handedness":"Right","birthDecade":"1960s","height":5.5,"iq":84},{"eyeColor":"Green","gender":"Male","handedness":"Right","birthDecade":"1990s","height":5.8,"iq":115},{"eyeColor":"Green","gender":"Male","handedness":"Right","birthDecade":"1990s","height":6.2,"iq":113},{"eyeColor":"Blue","gender":"Male","handedness":"Right","birthDecade":"1990s","height":6.9,"iq":80},{"eyeColor":"Brown","gender":"Female","handedness":"Right","birthDecade":"1990s","height":5.4,"iq":64},{"eyeColor":"Blue","gender":"Female","handedness":"Right","birthDecade":"1980s","height":6.4,"iq":80},{"eyeColor":"Brown","gender":"Male","handedness":"Right","birthDecade":"1990s","height":5.3,"iq":88},{"eyeColor":"Blue","gender":"Male","handedness":"Left","birthDecade":"1980s","height":5.7,"iq":99},{"eyeColor":"Brown","gender":"Female","handedness":"Left","birthDecade":"1990s","height":5.5,"iq":63},{"eyeColor":"Blue","gender":"Male","handedness":"Left","birthDecade":"1990s","height":6.8,"iq":95},{"eyeColor":"Green","gender":"Male","handedness":"Right","birthDecade":"1970s","height":5.3,"iq":118},{"eyeColor":"Green","gender":"Female","handedness":"Right","birthDecade":"1990s","height":6.8,"iq":119},{"eyeColor":"Brown","gender":"Female","handedness":"Left","birthDecade":"1990s","height":6.3,"iq":110},{"eyeColor":"Brown","gender":"Female","handedness":"Right","birthDecade":"1970s","height":5.5,"iq":125},{"eyeColor":"Brown","gender":"Female","handedness":"Left","birthDecade":"1990s","height":5.4,"iq":120},{"eyeColor":"Blue","gender":"Male","handedness":"Left","birthDecade":"1990s","height":6.9,"iq":92},{"eyeColor":"Brown","gender":"Male","handedness":"Left","birthDecade":"1980s","height":6.1,"iq":93},{"eyeColor":"Green","gender":"Male","handedness":"Left","birthDecade":"1960s","height":5.6,"iq":81},{"eyeColor":"Green","gender":"Female","handedness":"Right","birthDecade":"1980s","height":6.9,"iq":121},{"eyeColor":"Blue","gender":"Male","handedness":"Right","birthDecade":"1980s","height":6.5,"iq":88},{"eyeColor":"Brown","gender":"Male","handedness":"Right","birthDecade":"1980s","height":6.4,"iq":133},{"eyeColor":"Blue","gender":"Female","handedness":"Right","birthDecade":"1980s","height":6.1,"iq":140},{"eyeColor":"Blue","gender":"Female","handedness":"Left","birthDecade":"1980s","height":7,"iq":83},{"eyeColor":"Blue","gender":"Female","handedness":"Right","birthDecade":"1980s","height":5.3,"iq":85},{"eyeColor":"Green","gender":"Female","handedness":"Right","birthDecade":"1970s","height":6,"iq":123},{"eyeColor":"Green","gender":"Male","handedness":"Right","birthDecade":"1980s","height":6.8,"iq":139},{"eyeColor":"Brown","gender":"Female","handedness":"Left","birthDecade":"1980s","height":6.4,"iq":93},{"eyeColor":"Brown","gender":"Female","handedness":"Right","birthDecade":"1990s","height":6.7,"iq":98},{"eyeColor":"Brown","gender":"Female","handedness":"Left","birthDecade":"1960s","height":6.8,"iq":139},{"eyeColor":"Brown","gender":"Female","handedness":"Left","birthDecade":"1980s","height":6.7,"iq":108},{"eyeColor":"Blue","gender":"Male","handedness":"Left","birthDecade":"1980s","height":6.5,"iq":93},{"eyeColor":"Green","gender":"Male","handedness":"Left","birthDecade":"1960s","height":5.3,"iq":91},{"eyeColor":"Blue","gender":"Male","handedness":"Left","birthDecade":"1970s","height":6.7,"iq":114},{"eyeColor":"Brown","gender":"Male","handedness":"Right","birthDecade":"1990s","height":6.1,"iq":141},{"eyeColor":"Brown","gender":"Male","handedness":"Left","birthDecade":"1980s","height":5.4,"iq":122},{"eyeColor":"Green","gender":"Female","handedness":"Right","birthDecade":"1970s","height":5.7,"iq":117},{"eyeColor":"Blue","gender":"Male","handedness":"Right","birthDecade":"1990s","height":6.3,"iq":103},{"eyeColor":"Blue","gender":"Female","handedness":"Right","birthDecade":"1960s","height":5.3,"iq":125},{"eyeColor":"Brown","gender":"Female","handedness":"Right","birthDecade":"1990s","height":6.4,"iq":56},{"eyeColor":"Green","gender":"Female","handedness":"Right","birthDecade":"1990s","height":5.2,"iq":110},{"eyeColor":"Brown","gender":"Male","handedness":"Left","birthDecade":"1990s","height":6.3,"iq":134},{"eyeColor":"Blue","gender":"Female","handedness":"Right","birthDecade":"1980s","height":5.9,"iq":131},{"eyeColor":"Brown","gender":"Female","handedness":"Right","birthDecade":"1980s","height":6.7,"iq":110},{"eyeColor":"Green","gender":"Male","handedness":"Right","birthDecade":"1980s","height":5.9,"iq":82},{"eyeColor":"Green","gender":"Female","handedness":"Left","birthDecade":"1980s","height":6.4,"iq":66},{"eyeColor":"Green","gender":"Male","handedness":"Left","birthDecade":"1970s","height":5.4,"iq":57},{"eyeColor":"Blue","gender":"Female","handedness":"Left","birthDecade":"1990s","height":5.9,"iq":101},{"eyeColor":"Brown","gender":"Male","handedness":"Left","birthDecade":"1980s","height":6.6,"iq":80},{"eyeColor":"Blue","gender":"Male","handedness":"Right","birthDecade":"1980s","height":5.2,"iq":55},{"eyeColor":"Blue","gender":"Female","handedness":"Right","birthDecade":"1990s","height":6.3,"iq":54},{"eyeColor":"Brown","gender":"Female","handedness":"Right","birthDecade":"1970s","height":6.8,"iq":97},{"eyeColor":"Brown","gender":"Female","handedness":"Left","birthDecade":"1980s","height":5.2,"iq":138},{"eyeColor":"Green","gender":"Male","handedness":"Right","birthDecade":"1980s","height":6.1,"iq":86},{"eyeColor":"Green","gender":"Male","handedness":"Left","birthDecade":"1980s","height":6.6,"iq":87},{"eyeColor":"Green","gender":"Female","handedness":"Right","birthDecade":"1980s","height":5,"iq":110},{"eyeColor":"Blue","gender":"Female","handedness":"Right","birthDecade":"1980s","height":5.1,"iq":94},{"eyeColor":"Green","gender":"Female","handedness":"Right","birthDecade":"1970s","height":6.6,"iq":70},{"eyeColor":"Brown","gender":"Female","handedness":"Left","birthDecade":"1980s","height":5.7,"iq":98},{"eyeColor":"Green","gender":"Female","handedness":"Right","birthDecade":"1960s","height":6.8,"iq":143},{"eyeColor":"Brown","gender":"Male","handedness":"Left","birthDecade":"1990s","height":5.8,"iq":120},{"eyeColor":"Brown","gender":"Male","handedness":"Left","birthDecade":"1960s","height":6.2,"iq":117},{"eyeColor":"Green","gender":"Female","handedness":"Right","birthDecade":"1980s","height":5.7,"iq":74},{"eyeColor":"Brown","gender":"Male","handedness":"Right","birthDecade":"1960s","height":5.6,"iq":59},{"eyeColor":"Brown","gender":"Male","handedness":"Left","birthDecade":"1980s","height":5.9,"iq":76},{"eyeColor":"Brown","gender":"Male","handedness":"Right","birthDecade":"1990s","height":6.4,"iq":89},{"eyeColor":"Green","gender":"Female","handedness":"Right","birthDecade":"1990s","height":5.3,"iq":142},{"eyeColor":"Blue","gender":"Male","handedness":"Right","birthDecade":"1970s","height":6.3,"iq":138},{"eyeColor":"Brown","gender":"Male","handedness":"Right","birthDecade":"1960s","height":5.7,"iq":132},{"eyeColor":"Blue","gender":"Male","handedness":"Right","birthDecade":"1990s","height":5.7,"iq":116},{"eyeColor":"Blue","gender":"Female","handedness":"Left","birthDecade":"1960s","height":5.7,"iq":90},{"eyeColor":"Green","gender":"Female","handedness":"Right","birthDecade":"1980s","height":5.7,"iq":68},{"eyeColor":"Brown","gender":"Male","handedness":"Left","birthDecade":"1960s","height":6.9,"iq":137},{"eyeColor":"Green","gender":"Male","handedness":"Left","birthDecade":"1970s","height":5.8,"iq":79},{"eyeColor":"Blue","gender":"Female","handedness":"Right","birthDecade":"1970s","height":5.5,"iq":127},{"eyeColor":"Green","gender":"Male","handedness":"Left","birthDecade":"1960s","height":5.3,"iq":77},{"eyeColor":"Brown","gender":"Female","handedness":"Right","birthDecade":"1990s","height":5.9,"iq":76},{"eyeColor":"Green","gender":"Male","handedness":"Left","birthDecade":"1970s","height":6.5,"iq":92},{"eyeColor":"Blue","gender":"Male","handedness":"Right","birthDecade":"1960s","height":6.4,"iq":139},{"eyeColor":"Green","gender":"Female","handedness":"Right","birthDecade":"1960s","height":6.6,"iq":137},{"eyeColor":"Green","gender":"Male","handedness":"Right","birthDecade":"1990s","height":5.4,"iq":113},{"eyeColor":"Blue","gender":"Male","handedness":"Right","birthDecade":"1990s","height":6.8,"iq":117},{"eyeColor":"Blue","gender":"Male","handedness":"Left","birthDecade":"1960s","height":6.4,"iq":106},{"eyeColor":"Blue","gender":"Female","handedness":"Right","birthDecade":"1960s","height":6.8,"iq":84},{"eyeColor":"Green","gender":"Female","handedness":"Left","birthDecade":"1970s","height":5.5,"iq":105},{"eyeColor":"Green","gender":"Male","handedness":"Right","birthDecade":"1960s","height":5.2,"iq":119},{"eyeColor":"Blue","gender":"Female","handedness":"Right","birthDecade":"1990s","height":5.7,"iq":137},{"eyeColor":"Blue","gender":"Female","handedness":"Left","birthDecade":"1990s","height":6.1,"iq":77},{"eyeColor":"Blue","gender":"Female","handedness":"Left","birthDecade":"1970s","height":5.5,"iq":99},{"eyeColor":"Blue","gender":"Female","handedness":"Right","birthDecade":"1980s","height":6.2,"iq":89},{"eyeColor":"Blue","gender":"Male","handedness":"Left","birthDecade":"1960s","height":5.6,"iq":95},{"eyeColor":"Blue","gender":"Male","handedness":"Right","birthDecade":"1980s","height":5.5,"iq":91},{"eyeColor":"Blue","gender":"Male","handedness":"Right","birthDecade":"1990s","height":6.8,"iq":124},{"eyeColor":"Brown","gender":"Female","handedness":"Right","birthDecade":"1990s","height":6.6,"iq":110},{"eyeColor":"Brown","gender":"Male","handedness":"Right","birthDecade":"1970s","height":5.3,"iq":94},{"eyeColor":"Brown","gender":"Male","handedness":"Left","birthDecade":"1970s","height":5.8,"iq":96},{"eyeColor":"Green","gender":"Male","handedness":"Right","birthDecade":"1990s","height":6.6,"iq":138},{"eyeColor":"Green","gender":"Male","handedness":"Right","birthDecade":"1980s","height":6.9,"iq":83},{"eyeColor":"Brown","gender":"Female","handedness":"Right","birthDecade":"1980s","height":6,"iq":121},{"eyeColor":"Green","gender":"Female","handedness":"Left","birthDecade":"1980s","height":5.2,"iq":110},{"eyeColor":"Brown","gender":"Female","handedness":"Left","birthDecade":"1970s","height":5.9,"iq":119},{"eyeColor":"Blue","gender":"Female","handedness":"Left","birthDecade":"1990s","height":6.3,"iq":126},{"eyeColor":"Green","gender":"Male","handedness":"Right","birthDecade":"1980s","height":5.5,"iq":55},{"eyeColor":"Brown","gender":"Male","handedness":"Left","birthDecade":"1970s","height":7,"iq":95},{"eyeColor":"Green","gender":"Female","handedness":"Left","birthDecade":"1990s","height":5.2,"iq":86},{"eyeColor":"Blue","gender":"Male","handedness":"Right","birthDecade":"1960s","height":5.6,"iq":123},{"eyeColor":"Blue","gender":"Male","handedness":"Left","birthDecade":"1990s","height":6.8,"iq":98},{"eyeColor":"Brown","gender":"Male","handedness":"Left","birthDecade":"1970s","height":6.4,"iq":79},{"eyeColor":"Green","gender":"Male","handedness":"Left","birthDecade":"1970s","height":5.2,"iq":66},{"eyeColor":"Brown","gender":"Male","handedness":"Left","birthDecade":"1970s","height":6.8,"iq":84},{"eyeColor":"Blue","gender":"Female","handedness":"Left","birthDecade":"1980s","height":5.5,"iq":114},{"eyeColor":"Green","gender":"Female","handedness":"Right","birthDecade":"1980s","height":6.4,"iq":126},{"eyeColor":"Blue","gender":"Male","handedness":"Right","birthDecade":"1980s","height":5.6,"iq":118},{"eyeColor":"Green","gender":"Male","handedness":"Left","birthDecade":"1990s","height":6.7,"iq":114},{"eyeColor":"Blue","gender":"Female","handedness":"Left","birthDecade":"1990s","height":5.6,"iq":59},{"eyeColor":"Blue","gender":"Male","handedness":"Right","birthDecade":"1960s","height":6,"iq":106},{"eyeColor":"Brown","gender":"Male","handedness":"Left","birthDecade":"1980s","height":5.1,"iq":77},{"eyeColor":"Green","gender":"Female","handedness":"Left","birthDecade":"1980s","height":5.6,"iq":136},{"eyeColor":"Blue","gender":"Female","handedness":"Left","birthDecade":"1970s","height":6.9,"iq":73},{"eyeColor":"Brown","gender":"Male","handedness":"Right","birthDecade":"1960s","height":6,"iq":90},{"eyeColor":"Brown","gender":"Male","handedness":"Right","birthDecade":"1990s","height":6.1,"iq":123},{"eyeColor":"Blue","gender":"Male","handedness":"Right","birthDecade":"1970s","height":5.6,"iq":122},{"eyeColor":"Blue","gender":"Male","handedness":"Right","birthDecade":"1980s","height":6.4,"iq":129},{"eyeColor":"Brown","gender":"Female","handedness":"Right","birthDecade":"1980s","height":5.3,"iq":100},{"eyeColor":"Blue","gender":"Female","handedness":"Right","birthDecade":"1990s","height":6.4,"iq":100},{"eyeColor":"Brown","gender":"Male","handedness":"Right","birthDecade":"1970s","height":6.3,"iq":131},{"eyeColor":"Green","gender":"Male","handedness":"Left","birthDecade":"1980s","height":6,"iq":58},{"eyeColor":"Blue","gender":"Male","handedness":"Left","birthDecade":"1990s","height":5.9,"iq":95},{"eyeColor":"Brown","gender":"Male","handedness":"Left","birthDecade":"1970s","height":6.3,"iq":79},{"eyeColor":"Brown","gender":"Male","handedness":"Right","birthDecade":"1960s","height":6.8,"iq":125},{"eyeColor":"Brown","gender":"Female","handedness":"Left","birthDecade":"1960s","height":5.4,"iq":106},{"eyeColor":"Brown","gender":"Female","handedness":"Left","birthDecade":"1970s","height":5.3,"iq":85},{"eyeColor":"Blue","gender":"Female","handedness":"Left","birthDecade":"1970s","height":6.4,"iq":91},{"eyeColor":"Brown","gender":"Female","handedness":"Left","birthDecade":"1960s","height":5.4,"iq":86},{"eyeColor":"Brown","gender":"Female","handedness":"Left","birthDecade":"1990s","height":6.2,"iq":121},{"eyeColor":"Blue","gender":"Female","handedness":"Right","birthDecade":"1970s","height":5.1,"iq":129},{"eyeColor":"Green","gender":"Male","handedness":"Right","birthDecade":"1970s","height":6,"iq":68},{"eyeColor":"Brown","gender":"Male","handedness":"Left","birthDecade":"1970s","height":6.4,"iq":92},{"eyeColor":"Green","gender":"Male","handedness":"Left","birthDecade":"1970s","height":6.9,"iq":128},{"eyeColor":"Blue","gender":"Male","handedness":"Left","birthDecade":"1970s","height":5.9,"iq":65},{"eyeColor":"Blue","gender":"Male","handedness":"Left","birthDecade":"1970s","height":5.4,"iq":124},{"eyeColor":"Brown","gender":"Female","handedness":"Right","birthDecade":"1980s","height":5.3,"iq":58},{"eyeColor":"Blue","gender":"Female","handedness":"Right","birthDecade":"1990s","height":5.5,"iq":68},{"eyeColor":"Brown","gender":"Male","handedness":"Left","birthDecade":"1970s","height":5.3,"iq":97},{"eyeColor":"Green","gender":"Female","handedness":"Right","birthDecade":"1970s","height":6.6,"iq":119},{"eyeColor":"Blue","gender":"Male","handedness":"Left","birthDecade":"1980s","height":5.7,"iq":102},{"eyeColor":"Green","gender":"Female","handedness":"Left","birthDecade":"1990s","height":6,"iq":55},{"eyeColor":"Blue","gender":"Male","handedness":"Right","birthDecade":"1990s","height":7,"iq":94},{"eyeColor":"Blue","gender":"Male","handedness":"Left","birthDecade":"1980s","height":5.3,"iq":117},{"eyeColor":"Brown","gender":"Female","handedness":"Left","birthDecade":"1960s","height":6.6,"iq":87},{"eyeColor":"Green","gender":"Male","handedness":"Right","birthDecade":"1960s","height":6.4,"iq":126},{"eyeColor":"Brown","gender":"Male","handedness":"Left","birthDecade":"1970s","height":5.1,"iq":69},{"eyeColor":"Brown","gender":"Male","handedness":"Left","birthDecade":"1990s","height":5,"iq":96},{"eyeColor":"Green","gender":"Female","handedness":"Right","birthDecade":"1960s","height":5.9,"iq":142},{"eyeColor":"Blue","gender":"Male","handedness":"Left","birthDecade":"1970s","height":6,"iq":75},{"eyeColor":"Blue","gender":"Female","handedness":"Left","birthDecade":"1980s","height":6.3,"iq":122},{"eyeColor":"Blue","gender":"Male","handedness":"Left","birthDecade":"1990s","height":6.5,"iq":74},{"eyeColor":"Brown","gender":"Male","handedness":"Right","birthDecade":"1990s","height":5.3,"iq":78},{"eyeColor":"Blue","gender":"Male","handedness":"Right","birthDecade":"1960s","height":6.2,"iq":105},{"eyeColor":"Brown","gender":"Male","handedness":"Right","birthDecade":"1970s","height":5.2,"iq":107},{"eyeColor":"Green","gender":"Female","handedness":"Left","birthDecade":"1960s","height":5.3,"iq":134},{"eyeColor":"Green","gender":"Female","handedness":"Left","birthDecade":"1970s","height":7,"iq":127},{"eyeColor":"Brown","gender":"Female","handedness":"Right","birthDecade":"1970s","height":5.5,"iq":65},{"eyeColor":"Green","gender":"Female","handedness":"Right","birthDecade":"1970s","height":6.8,"iq":56},{"eyeColor":"Green","gender":"Male","handedness":"Right","birthDecade":"1970s","height":5,"iq":108},{"eyeColor":"Green","gender":"Male","handedness":"Left","birthDecade":"1990s","height":6.2,"iq":76},{"eyeColor":"Brown","gender":"Male","handedness":"Right","birthDecade":"1990s","height":5,"iq":134},{"eyeColor":"Brown","gender":"Female","handedness":"Left","birthDecade":"1980s","height":5.9,"iq":112},{"eyeColor":"Brown","gender":"Female","handedness":"Right","birthDecade":"1970s","height":6.4,"iq":69},{"eyeColor":"Brown","gender":"Male","handedness":"Left","birthDecade":"1990s","height":5.8,"iq":89},{"eyeColor":"Green","gender":"Male","handedness":"Left","birthDecade":"1960s","height":6.1,"iq":68},{"eyeColor":"Green","gender":"Female","handedness":"Right","birthDecade":"1970s","height":6.1,"iq":120},{"eyeColor":"Blue","gender":"Female","handedness":"Right","birthDecade":"1980s","height":6.3,"iq":67},{"eyeColor":"Blue","gender":"Male","handedness":"Left","birthDecade":"1990s","height":5.8,"iq":65},{"eyeColor":"Brown","gender":"Female","handedness":"Right","birthDecade":"1990s","height":5.4,"iq":123},{"eyeColor":"Blue","gender":"Male","handedness":"Right","birthDecade":"1980s","height":5.2,"iq":59},{"eyeColor":"Blue","gender":"Female","handedness":"Right","birthDecade":"1990s","height":5.2,"iq":80},{"eyeColor":"Brown","gender":"Female","handedness":"Left","birthDecade":"1960s","height":6.3,"iq":95},{"eyeColor":"Brown","gender":"Female","handedness":"Left","birthDecade":"1960s","height":6.9,"iq":138},{"eyeColor":"Blue","gender":"Female","handedness":"Right","birthDecade":"1980s","height":5.1,"iq":110},{"eyeColor":"Green","gender":"Female","handedness":"Left","birthDecade":"1980s","height":5,"iq":116},{"eyeColor":"Blue","gender":"Female","handedness":"Left","birthDecade":"1960s","height":5.8,"iq":106},{"eyeColor":"Green","gender":"Female","handedness":"Right","birthDecade":"1990s","height":6.4,"iq":137},{"eyeColor":"Brown","gender":"Female","handedness":"Left","birthDecade":"1960s","height":5.3,"iq":113},{"eyeColor":"Blue","gender":"Male","handedness":"Left","birthDecade":"1980s","height":5.6,"iq":94},{"eyeColor":"Brown","gender":"Female","handedness":"Left","birthDecade":"1970s","height":5.8,"iq":61},{"eyeColor":"Green","gender":"Female","handedness":"Left","birthDecade":"1980s","height":5.5,"iq":115},{"eyeColor":"Green","gender":"Female","handedness":"Right","birthDecade":"1980s","height":6.6,"iq":125},{"eyeColor":"Blue","gender":"Male","handedness":"Right","birthDecade":"1960s","height":6.9,"iq":59},{"eyeColor":"Green","gender":"Female","handedness":"Left","birthDecade":"1990s","height":6.7,"iq":83},{"eyeColor":"Brown","gender":"Female","handedness":"Left","birthDecade":"1990s","height":6.4,"iq":107},{"eyeColor":"Blue","gender":"Female","handedness":"Right","birthDecade":"1980s","height":5.5,"iq":83},{"eyeColor":"Green","gender":"Female","handedness":"Right","birthDecade":"1970s","height":5.2,"iq":118},{"eyeColor":"Blue","gender":"Female","handedness":"Right","birthDecade":"1960s","height":5.9,"iq":83},{"eyeColor":"Green","gender":"Male","handedness":"Right","birthDecade":"1970s","height":5.3,"iq":54},{"eyeColor":"Green","gender":"Female","handedness":"Right","birthDecade":"1960s","height":5.7,"iq":88},{"eyeColor":"Green","gender":"Male","handedness":"Left","birthDecade":"1980s","height":7,"iq":101},{"eyeColor":"Blue","gender":"Female","handedness":"Left","birthDecade":"1980s","height":5.2,"iq":96},{"eyeColor":"Green","gender":"Male","handedness":"Left","birthDecade":"1990s","height":5.6,"iq":76},{"eyeColor":"Blue","gender":"Male","handedness":"Right","birthDecade":"1960s","height":6.4,"iq":83},{"eyeColor":"Blue","gender":"Female","handedness":"Right","birthDecade":"1990s","height":5.8,"iq":78},{"eyeColor":"Blue","gender":"Male","handedness":"Left","birthDecade":"1980s","height":6.5,"iq":132},{"eyeColor":"Green","gender":"Female","handedness":"Left","birthDecade":"1960s","height":6.3,"iq":106},{"eyeColor":"Brown","gender":"Male","handedness":"Right","birthDecade":"1970s","height":6,"iq":57},{"eyeColor":"Brown","gender":"Male","handedness":"Left","birthDecade":"1970s","height":6.4,"iq":101},{"eyeColor":"Green","gender":"Female","handedness":"Left","birthDecade":"1960s","height":6.5,"iq":87},{"eyeColor":"Blue","gender":"Female","handedness":"Left","birthDecade":"1980s","height":5,"iq":137},{"eyeColor":"Brown","gender":"Male","handedness":"Right","birthDecade":"1990s","height":5.5,"iq":118},{"eyeColor":"Brown","gender":"Male","handedness":"Left","birthDecade":"1970s","height":6.7,"iq":101},{"eyeColor":"Green","gender":"Male","handedness":"Left","birthDecade":"1960s","height":6.5,"iq":67},{"eyeColor":"Green","gender":"Female","handedness":"Right","birthDecade":"1970s","height":5.5,"iq":120},{"eyeColor":"Brown","gender":"Female","handedness":"Left","birthDecade":"1980s","height":6.3,"iq":116},{"eyeColor":"Brown","gender":"Female","handedness":"Left","birthDecade":"1990s","height":6.7,"iq":69},{"eyeColor":"Brown","gender":"Female","handedness":"Left","birthDecade":"1960s","height":5.2,"iq":90},{"eyeColor":"Blue","gender":"Female","handedness":"Left","birthDecade":"1970s","height":5.6,"iq":120},{"eyeColor":"Brown","gender":"Male","handedness":"Right","birthDecade":"1990s","height":5.6,"iq":65},{"eyeColor":"Blue","gender":"Female","handedness":"Left","birthDecade":"1980s","height":6.4,"iq":137},{"eyeColor":"Brown","gender":"Male","handedness":"Left","birthDecade":"1970s","height":6.4,"iq":126},{"eyeColor":"Blue","gender":"Female","handedness":"Right","birthDecade":"1980s","height":7,"iq":116},{"eyeColor":"Brown","gender":"Male","handedness":"Right","birthDecade":"1990s","height":7,"iq":104},{"eyeColor":"Green","gender":"Male","handedness":"Right","birthDecade":"1990s","height":6.6,"iq":98},{"eyeColor":"Blue","gender":"Male","handedness":"Right","birthDecade":"1960s","height":5.8,"iq":143},{"eyeColor":"Brown","gender":"Male","handedness":"Right","birthDecade":"1960s","height":6.7,"iq":66},{"eyeColor":"Blue","gender":"Male","handedness":"Right","birthDecade":"1980s","height":5.3,"iq":78},{"eyeColor":"Brown","gender":"Female","handedness":"Left","birthDecade":"1980s","height":6.8,"iq":61},{"eyeColor":"Blue","gender":"Female","handedness":"Right","birthDecade":"1980s","height":5.3,"iq":70},{"eyeColor":"Blue","gender":"Male","handedness":"Right","birthDecade":"1960s","height":5.8,"iq":124},{"eyeColor":"Brown","gender":"Male","handedness":"Left","birthDecade":"1990s","height":6.9,"iq":125},{"eyeColor":"Green","gender":"Male","handedness":"Right","birthDecade":"1970s","height":6,"iq":75},{"eyeColor":"Green","gender":"Male","handedness":"Left","birthDecade":"1990s","height":5.3,"iq":121},{"eyeColor":"Brown","gender":"Male","handedness":"Right","birthDecade":"1990s","height":5.8,"iq":96},{"eyeColor":"Brown","gender":"Female","handedness":"Right","birthDecade":"1960s","height":5.1,"iq":57},{"eyeColor":"Blue","gender":"Female","handedness":"Left","birthDecade":"1990s","height":6.8,"iq":71},{"eyeColor":"Brown","gender":"Male","handedness":"Left","birthDecade":"1990s","height":5.2,"iq":130},{"eyeColor":"Blue","gender":"Female","handedness":"Left","birthDecade":"1970s","height":6.4,"iq":69},{"eyeColor":"Blue","gender":"Female","handedness":"Right","birthDecade":"1990s","height":5.7,"iq":144},{"eyeColor":"Brown","gender":"Female","handedness":"Left","birthDecade":"1960s","height":6.1,"iq":85},{"eyeColor":"Green","gender":"Male","handedness":"Right","birthDecade":"1990s","height":6.5,"iq":84},{"eyeColor":"Blue","gender":"Female","handedness":"Right","birthDecade":"1990s","height":7,"iq":66},{"eyeColor":"Brown","gender":"Female","handedness":"Left","birthDecade":"1990s","height":5.7,"iq":53},{"eyeColor":"Green","gender":"Female","handedness":"Left","birthDecade":"1960s","height":5.6,"iq":133},{"eyeColor":"Brown","gender":"Female","handedness":"Right","birthDecade":"1960s","height":5.5,"iq":137},{"eyeColor":"Brown","gender":"Male","handedness":"Left","birthDecade":"1970s","height":5.4,"iq":93},{"eyeColor":"Green","gender":"Female","handedness":"Left","birthDecade":"1970s","height":5.5,"iq":131},{"eyeColor":"Blue","gender":"Female","handedness":"Left","birthDecade":"1990s","height":6.2,"iq":123},{"eyeColor":"Brown","gender":"Female","handedness":"Left","birthDecade":"1980s","height":6.3,"iq":75},{"eyeColor":"Blue","gender":"Male","handedness":"Left","birthDecade":"1990s","height":6.8,"iq":112},{"eyeColor":"Blue","gender":"Male","handedness":"Left","birthDecade":"1990s","height":6.8,"iq":98},{"eyeColor":"Green","gender":"Female","handedness":"Right","birthDecade":"1980s","height":5.1,"iq":121},{"eyeColor":"Blue","gender":"Female","handedness":"Right","birthDecade":"1990s","height":5.7,"iq":117},{"eyeColor":"Green","gender":"Male","handedness":"Left","birthDecade":"1990s","height":6.8,"iq":119},{"eyeColor":"Blue","gender":"Male","handedness":"Left","birthDecade":"1970s","height":5.1,"iq":93},{"eyeColor":"Green","gender":"Male","handedness":"Left","birthDecade":"1960s","height":6.6,"iq":118},{"eyeColor":"Brown","gender":"Male","handedness":"Right","birthDecade":"1980s","height":5.5,"iq":52},{"eyeColor":"Green","gender":"Female","handedness":"Left","birthDecade":"1990s","height":5.5,"iq":64},{"eyeColor":"Green","gender":"Male","handedness":"Right","birthDecade":"1960s","height":6.4,"iq":72},{"eyeColor":"Green","gender":"Male","handedness":"Right","birthDecade":"1990s","height":5.1,"iq":107},{"eyeColor":"Blue","gender":"Male","handedness":"Left","birthDecade":"1980s","height":5.1,"iq":132},{"eyeColor":"Blue","gender":"Female","handedness":"Left","birthDecade":"1980s","height":5.1,"iq":110},{"eyeColor":"Green","gender":"Female","handedness":"Left","birthDecade":"1980s","height":6.5,"iq":111},{"eyeColor":"Blue","gender":"Female","handedness":"Right","birthDecade":"1970s","height":6.1,"iq":100},{"eyeColor":"Blue","gender":"Female","handedness":"Right","birthDecade":"1960s","height":5.9,"iq":62},{"eyeColor":"Blue","gender":"Female","handedness":"Left","birthDecade":"1970s","height":5.9,"iq":59},{"eyeColor":"Brown","gender":"Female","handedness":"Right","birthDecade":"1990s","height":5.8,"iq":86},{"eyeColor":"Brown","gender":"Male","handedness":"Right","birthDecade":"1980s","height":6.7,"iq":99},{"eyeColor":"Blue","gender":"Male","handedness":"Right","birthDecade":"1990s","height":6.8,"iq":132},{"eyeColor":"Brown","gender":"Female","handedness":"Left","birthDecade":"1960s","height":5.4,"iq":84},{"eyeColor":"Blue","gender":"Female","handedness":"Left","birthDecade":"1990s","height":5.8,"iq":88},{"eyeColor":"Brown","gender":"Female","handedness":"Right","birthDecade":"1980s","height":5.2,"iq":93},{"eyeColor":"Brown","gender":"Female","handedness":"Right","birthDecade":"1960s","height":5.6,"iq":134},{"eyeColor":"Blue","gender":"Female","handedness":"Left","birthDecade":"1980s","height":6.9,"iq":99},{"eyeColor":"Green","gender":"Male","handedness":"Left","birthDecade":"1960s","height":6,"iq":134},{"eyeColor":"Blue","gender":"Female","handedness":"Right","birthDecade":"1980s","height":5.9,"iq":129},{"eyeColor":"Blue","gender":"Male","handedness":"Right","birthDecade":"1990s","height":5.9,"iq":92},{"eyeColor":"Blue","gender":"Female","handedness":"Right","birthDecade":"1980s","height":5.6,"iq":128},{"eyeColor":"Green","gender":"Male","handedness":"Left","birthDecade":"1970s","height":5.8,"iq":58},{"eyeColor":"Blue","gender":"Male","handedness":"Right","birthDecade":"1960s","height":6,"iq":58},{"eyeColor":"Brown","gender":"Male","handedness":"Right","birthDecade":"1970s","height":5.6,"iq":128},{"eyeColor":"Green","gender":"Female","handedness":"Left","birthDecade":"1970s","height":5,"iq":141},{"eyeColor":"Brown","gender":"Female","handedness":"Left","birthDecade":"1980s","height":5.4,"iq":75},{"eyeColor":"Blue","gender":"Male","handedness":"Left","birthDecade":"1960s","height":5,"iq":53},{"eyeColor":"Brown","gender":"Female","handedness":"Left","birthDecade":"1980s","height":6.7,"iq":102},{"eyeColor":"Blue","gender":"Male","handedness":"Right","birthDecade":"1990s","height":5.9,"iq":128},{"eyeColor":"Brown","gender":"Female","handedness":"Right","birthDecade":"1980s","height":5.5,"iq":65},{"eyeColor":"Green","gender":"Male","handedness":"Left","birthDecade":"1960s","height":6.7,"iq":108},{"eyeColor":"Green","gender":"Male","handedness":"Right","birthDecade":"1980s","height":6,"iq":119},{"eyeColor":"Brown","gender":"Female","handedness":"Left","birthDecade":"1960s","height":6.6,"iq":111},{"eyeColor":"Brown","gender":"Male","handedness":"Right","birthDecade":"1990s","height":5.9,"iq":67},{"eyeColor":"Green","gender":"Female","handedness":"Right","birthDecade":"1990s","height":6.1,"iq":69},{"eyeColor":"Green","gender":"Male","handedness":"Right","birthDecade":"1970s","height":5.6,"iq":136},{"eyeColor":"Green","gender":"Female","handedness":"Right","birthDecade":"1960s","height":5.3,"iq":127},{"eyeColor":"Brown","gender":"Male","handedness":"Right","birthDecade":"1970s","height":5.5,"iq":117},{"eyeColor":"Blue","gender":"Female","handedness":"Right","birthDecade":"1980s","height":6.1,"iq":89},{"eyeColor":"Blue","gender":"Female","handedness":"Right","birthDecade":"1960s","height":5.4,"iq":116},{"eyeColor":"Green","gender":"Male","handedness":"Right","birthDecade":"1960s","height":5.8,"iq":70},{"eyeColor":"Green","gender":"Female","handedness":"Left","birthDecade":"1970s","height":5.7,"iq":111},{"eyeColor":"Brown","gender":"Female","handedness":"Left","birthDecade":"1970s","height":5.5,"iq":85},{"eyeColor":"Brown","gender":"Female","handedness":"Left","birthDecade":"1970s","height":7,"iq":79},{"eyeColor":"Blue","gender":"Male","handedness":"Right","birthDecade":"1990s","height":5.8,"iq":114},{"eyeColor":"Green","gender":"Male","handedness":"Left","birthDecade":"1960s","height":6.1,"iq":138},{"eyeColor":"Brown","gender":"Female","handedness":"Left","birthDecade":"1990s","height":6.3,"iq":93},{"eyeColor":"Brown","gender":"Male","handedness":"Left","birthDecade":"1960s","height":6.7,"iq":82},{"eyeColor":"Blue","gender":"Male","handedness":"Left","birthDecade":"1980s","height":6.4,"iq":90},{"eyeColor":"Green","gender":"Male","handedness":"Left","birthDecade":"1990s","height":5.2,"iq":79},{"eyeColor":"Blue","gender":"Male","handedness":"Left","birthDecade":"1980s","height":5.9,"iq":121},{"eyeColor":"Blue","gender":"Male","handedness":"Right","birthDecade":"1960s","height":6.9,"iq":132},{"eyeColor":"Green","gender":"Female","handedness":"Left","birthDecade":"1990s","height":5.2,"iq":79},{"eyeColor":"Green","gender":"Female","handedness":"Right","birthDecade":"1970s","height":6.3,"iq":93},{"eyeColor":"Green","gender":"Male","handedness":"Left","birthDecade":"1960s","height":6.2,"iq":133},{"eyeColor":"Blue","gender":"Male","handedness":"Right","birthDecade":"1970s","height":6.2,"iq":114},{"eyeColor":"Blue","gender":"Female","handedness":"Left","birthDecade":"1970s","height":5.2,"iq":63},{"eyeColor":"Blue","gender":"Female","handedness":"Right","birthDecade":"1980s","height":6.3,"iq":86},{"eyeColor":"Green","gender":"Female","handedness":"Left","birthDecade":"1970s","height":5,"iq":89},{"eyeColor":"Blue","gender":"Male","handedness":"Left","birthDecade":"1990s","height":6.9,"iq":105},{"eyeColor":"Brown","gender":"Female","handedness":"Left","birthDecade":"1960s","height":6.3,"iq":79},{"eyeColor":"Blue","gender":"Male","handedness":"Right","birthDecade":"1980s","height":6.9,"iq":122},{"eyeColor":"Green","gender":"Male","handedness":"Right","birthDecade":"1980s","height":6.3,"iq":113},{"eyeColor":"Brown","gender":"Female","handedness":"Right","birthDecade":"1980s","height":5.2,"iq":85},{"eyeColor":"Green","gender":"Male","handedness":"Left","birthDecade":"1970s","height":6.6,"iq":113},{"eyeColor":"Blue","gender":"Female","handedness":"Right","birthDecade":"1990s","height":5.3,"iq":73},{"eyeColor":"Green","gender":"Female","handedness":"Left","birthDecade":"1980s","height":6.2,"iq":125},{"eyeColor":"Green","gender":"Female","handedness":"Right","birthDecade":"1990s","height":6.1,"iq":95},{"eyeColor":"Blue","gender":"Female","handedness":"Left","birthDecade":"1990s","height":6.3,"iq":59},{"eyeColor":"Brown","gender":"Female","handedness":"Right","birthDecade":"1980s","height":6.4,"iq":74},{"eyeColor":"Green","gender":"Female","handedness":"Right","birthDecade":"1990s","height":6.7,"iq":107},{"eyeColor":"Green","gender":"Female","handedness":"Left","birthDecade":"1960s","height":5,"iq":57},{"eyeColor":"Brown","gender":"Female","handedness":"Left","birthDecade":"1960s","height":6,"iq":122},{"eyeColor":"Blue","gender":"Female","handedness":"Right","birthDecade":"1990s","height":6.4,"iq":78},{"eyeColor":"Blue","gender":"Female","handedness":"Right","birthDecade":"1960s","height":5.6,"iq":115},{"eyeColor":"Green","gender":"Male","handedness":"Left","birthDecade":"1970s","height":6.5,"iq":118},{"eyeColor":"Green","gender":"Male","handedness":"Left","birthDecade":"1990s","height":5.2,"iq":79},{"eyeColor":"Green","gender":"Male","handedness":"Left","birthDecade":"1970s","height":5.3,"iq":112},{"eyeColor":"Brown","gender":"Male","handedness":"Left","birthDecade":"1960s","height":7,"iq":85},{"eyeColor":"Brown","gender":"Male","handedness":"Left","birthDecade":"1980s","height":5.1,"iq":138},{"eyeColor":"Green","gender":"Male","handedness":"Right","birthDecade":"1970s","height":5.3,"iq":91},{"eyeColor":"Brown","gender":"Male","handedness":"Right","birthDecade":"1970s","height":6.3,"iq":126},{"eyeColor":"Green","gender":"Male","handedness":"Right","birthDecade":"1960s","height":5.3,"iq":125},{"eyeColor":"Brown","gender":"Male","handedness":"Right","birthDecade":"1980s","height":6.8,"iq":122},{"eyeColor":"Green","gender":"Female","handedness":"Left","birthDecade":"1970s","height":6,"iq":87},{"eyeColor":"Blue","gender":"Female","handedness":"Right","birthDecade":"1990s","height":6.9,"iq":122},{"eyeColor":"Green","gender":"Female","handedness":"Left","birthDecade":"1990s","height":5.7,"iq":113},{"eyeColor":"Blue","gender":"Male","handedness":"Left","birthDecade":"1970s","height":5.8,"iq":90},{"eyeColor":"Brown","gender":"Male","handedness":"Left","birthDecade":"1960s","height":6.4,"iq":73},{"eyeColor":"Blue","gender":"Female","handedness":"Right","birthDecade":"1970s","height":6.3,"iq":95},{"eyeColor":"Blue","gender":"Female","handedness":"Right","birthDecade":"1990s","height":5.5,"iq":116},{"eyeColor":"Blue","gender":"Female","handedness":"Left","birthDecade":"1990s","height":5.5,"iq":146},{"eyeColor":"Blue","gender":"Female","handedness":"Right","birthDecade":"1960s","height":5.6,"iq":107},{"eyeColor":"Green","gender":"Female","handedness":"Right","birthDecade":"1970s","height":5.9,"iq":83},{"eyeColor":"Green","gender":"Male","handedness":"Left","birthDecade":"1990s","height":5.1,"iq":82},{"eyeColor":"Blue","gender":"Male","handedness":"Right","birthDecade":"1980s","height":5.9,"iq":103},{"eyeColor":"Brown","gender":"Female","handedness":"Right","birthDecade":"1970s","height":6.7,"iq":82},{"eyeColor":"Green","gender":"Male","handedness":"Left","birthDecade":"1960s","height":5.7,"iq":125},{"eyeColor":"Green","gender":"Male","handedness":"Right","birthDecade":"1960s","height":6.6,"iq":138},{"eyeColor":"Green","gender":"Male","handedness":"Left","birthDecade":"1980s","height":6.4,"iq":76},{"eyeColor":"Green","gender":"Male","handedness":"Left","birthDecade":"1980s","height":5.3,"iq":69},{"eyeColor":"Brown","gender":"Male","handedness":"Left","birthDecade":"1960s","height":5.6,"iq":80},{"eyeColor":"Green","gender":"Male","handedness":"Left","birthDecade":"1960s","height":6.1,"iq":93},{"eyeColor":"Brown","gender":"Female","handedness":"Right","birthDecade":"1970s","height":6.8,"iq":127},{"eyeColor":"Green","gender":"Female","handedness":"Left","birthDecade":"1990s","height":5.3,"iq":127},{"eyeColor":"Brown","gender":"Male","handedness":"Left","birthDecade":"1990s","height":5.6,"iq":75},{"eyeColor":"Blue","gender":"Male","handedness":"Left","birthDecade":"1990s","height":6.7,"iq":58},{"eyeColor":"Blue","gender":"Female","handedness":"Right","birthDecade":"1970s","height":6.4,"iq":72},{"eyeColor":"Brown","gender":"Male","handedness":"Left","birthDecade":"1980s","height":5.5,"iq":78},{"eyeColor":"Brown","gender":"Male","handedness":"Right","birthDecade":"1990s","height":6.5,"iq":139},{"eyeColor":"Blue","gender":"Male","handedness":"Right","birthDecade":"1970s","height":6.9,"iq":144},{"eyeColor":"Green","gender":"Male","handedness":"Right","birthDecade":"1970s","height":6.2,"iq":118},{"eyeColor":"Brown","gender":"Male","handedness":"Left","birthDecade":"1990s","height":6.5,"iq":94},{"eyeColor":"Blue","gender":"Female","handedness":"Left","birthDecade":"1970s","height":5.1,"iq":126},{"eyeColor":"Green","gender":"Male","handedness":"Left","birthDecade":"1960s","height":7,"iq":91},{"eyeColor":"Brown","gender":"Male","handedness":"Left","birthDecade":"1980s","height":6.2,"iq":116},{"eyeColor":"Blue","gender":"Male","handedness":"Right","birthDecade":"1990s","height":5.9,"iq":89},{"eyeColor":"Green","gender":"Male","handedness":"Left","birthDecade":"1980s","height":5,"iq":123},{"eyeColor":"Blue","gender":"Male","handedness":"Right","birthDecade":"1960s","height":5.2,"iq":115},{"eyeColor":"Blue","gender":"Male","handedness":"Right","birthDecade":"1980s","height":6.6,"iq":116},{"eyeColor":"Blue","gender":"Female","handedness":"Left","birthDecade":"1980s","height":5.6,"iq":76},{"eyeColor":"Blue","gender":"Female","handedness":"Right","birthDecade":"1960s","height":6.2,"iq":63},{"eyeColor":"Brown","gender":"Female","handedness":"Left","birthDecade":"1990s","height":6.7,"iq":110},{"eyeColor":"Blue","gender":"Female","handedness":"Right","birthDecade":"1990s","height":7,"iq":116},{"eyeColor":"Green","gender":"Female","handedness":"Right","birthDecade":"1990s","height":5.7,"iq":59},{"eyeColor":"Green","gender":"Male","handedness":"Right","birthDecade":"1970s","height":5.5,"iq":88},{"eyeColor":"Blue","gender":"Female","handedness":"Left","birthDecade":"1990s","height":6.8,"iq":125},{"eyeColor":"Blue","gender":"Male","handedness":"Left","birthDecade":"1980s","height":5,"iq":58},{"eyeColor":"Brown","gender":"Female","handedness":"Right","birthDecade":"1970s","height":5.6,"iq":125},{"eyeColor":"Blue","gender":"Female","handedness":"Left","birthDecade":"1990s","height":6.6,"iq":72},{"eyeColor":"Green","gender":"Female","handedness":"Left","birthDecade":"1980s","height":5.6,"iq":62},{"eyeColor":"Brown","gender":"Female","handedness":"Right","birthDecade":"1990s","height":6,"iq":119},{"eyeColor":"Brown","gender":"Male","handedness":"Left","birthDecade":"1980s","height":5.5,"iq":116},{"eyeColor":"Brown","gender":"Female","handedness":"Right","birthDecade":"1960s","height":6.8,"iq":127},{"eyeColor":"Green","gender":"Male","handedness":"Left","birthDecade":"1990s","height":5.3,"iq":109},{"eyeColor":"Green","gender":"Male","handedness":"Left","birthDecade":"1990s","height":5.6,"iq":117},{"eyeColor":"Blue","gender":"Female","handedness":"Right","birthDecade":"1970s","height":5.1,"iq":108},{"eyeColor":"Brown","gender":"Male","handedness":"Right","birthDecade":"1970s","height":6,"iq":104},{"eyeColor":"Brown","gender":"Male","handedness":"Left","birthDecade":"1980s","height":6.8,"iq":63},{"eyeColor":"Blue","gender":"Male","handedness":"Left","birthDecade":"1990s","height":5.6,"iq":92},{"eyeColor":"Brown","gender":"Male","handedness":"Left","birthDecade":"1980s","height":5.3,"iq":92},{"eyeColor":"Green","gender":"Female","handedness":"Left","birthDecade":"1980s","height":5.7,"iq":87},{"eyeColor":"Green","gender":"Male","handedness":"Right","birthDecade":"1990s","height":6,"iq":111},{"eyeColor":"Green","gender":"Male","handedness":"Right","birthDecade":"1980s","height":5.6,"iq":96},{"eyeColor":"Green","gender":"Female","handedness":"Right","birthDecade":"1970s","height":5.2,"iq":119},{"eyeColor":"Brown","gender":"Female","handedness":"Right","birthDecade":"1970s","height":6.2,"iq":92},{"eyeColor":"Brown","gender":"Female","handedness":"Left","birthDecade":"1980s","height":5.8,"iq":134},{"eyeColor":"Blue","gender":"Female","handedness":"Left","birthDecade":"1960s","height":5.8,"iq":71},{"eyeColor":"Brown","gender":"Female","handedness":"Right","birthDecade":"1960s","height":6.9,"iq":105},{"eyeColor":"Blue","gender":"Female","handedness":"Right","birthDecade":"1960s","height":5.4,"iq":69},{"eyeColor":"Brown","gender":"Female","handedness":"Left","birthDecade":"1970s","height":6.4,"iq":117},{"eyeColor":"Brown","gender":"Male","handedness":"Right","birthDecade":"1980s","height":5.5,"iq":103},{"eyeColor":"Green","gender":"Male","handedness":"Left","birthDecade":"1980s","height":7,"iq":122},{"eyeColor":"Brown","gender":"Female","handedness":"Left","birthDecade":"1960s","height":5.1,"iq":89},{"eyeColor":"Brown","gender":"Female","handedness":"Right","birthDecade":"1980s","height":6.3,"iq":123},{"eyeColor":"Brown","gender":"Male","handedness":"Left","birthDecade":"1990s","height":5.5,"iq":84},{"eyeColor":"Brown","gender":"Female","handedness":"Left","birthDecade":"1970s","height":6,"iq":116},{"eyeColor":"Brown","gender":"Female","handedness":"Left","birthDecade":"1970s","height":5.5,"iq":84},{"eyeColor":"Blue","gender":"Male","handedness":"Right","birthDecade":"1990s","height":7,"iq":137},{"eyeColor":"Brown","gender":"Male","handedness":"Right","birthDecade":"1960s","height":5.2,"iq":128},{"eyeColor":"Blue","gender":"Male","handedness":"Right","birthDecade":"1960s","height":6.5,"iq":78},{"eyeColor":"Green","gender":"Female","handedness":"Right","birthDecade":"1960s","height":5.6,"iq":108},{"eyeColor":"Brown","gender":"Female","handedness":"Right","birthDecade":"1960s","height":6.1,"iq":134},{"eyeColor":"Blue","gender":"Female","handedness":"Right","birthDecade":"1980s","height":6.3,"iq":66},{"eyeColor":"Brown","gender":"Male","handedness":"Right","birthDecade":"1980s","height":5.9,"iq":88},{"eyeColor":"Blue","gender":"Female","handedness":"Right","birthDecade":"1980s","height":6.6,"iq":139},{"eyeColor":"Green","gender":"Female","handedness":"Left","birthDecade":"1990s","height":6.2,"iq":59},{"eyeColor":"Blue","gender":"Female","handedness":"Right","birthDecade":"1960s","height":5.7,"iq":116},{"eyeColor":"Brown","gender":"Female","handedness":"Left","birthDecade":"1990s","height":5.1,"iq":120},{"eyeColor":"Blue","gender":"Female","handedness":"Left","birthDecade":"1960s","height":5.6,"iq":95},{"eyeColor":"Brown","gender":"Female","handedness":"Left","birthDecade":"1960s","height":6.3,"iq":90},{"eyeColor":"Brown","gender":"Male","handedness":"Left","birthDecade":"1990s","height":5.7,"iq":126},{"eyeColor":"Blue","gender":"Female","handedness":"Left","birthDecade":"1970s","height":5.4,"iq":112},{"eyeColor":"Green","gender":"Male","handedness":"Right","birthDecade":"1960s","height":5.9,"iq":84},{"eyeColor":"Blue","gender":"Male","handedness":"Right","birthDecade":"1990s","height":6.5,"iq":76},{"eyeColor":"Green","gender":"Female","handedness":"Left","birthDecade":"1960s","height":5,"iq":103},{"eyeColor":"Green","gender":"Female","handedness":"Left","birthDecade":"1980s","height":5.1,"iq":120},{"eyeColor":"Blue","gender":"Female","handedness":"Left","birthDecade":"1970s","height":5.7,"iq":70},{"eyeColor":"Green","gender":"Female","handedness":"Right","birthDecade":"1970s","height":6.1,"iq":119},{"eyeColor":"Blue","gender":"Female","handedness":"Left","birthDecade":"1960s","height":6,"iq":115},{"eyeColor":"Blue","gender":"Male","handedness":"Left","birthDecade":"1970s","height":5.2,"iq":133},{"eyeColor":"Blue","gender":"Male","handedness":"Left","birthDecade":"1960s","height":6.6,"iq":70},{"eyeColor":"Blue","gender":"Male","handedness":"Right","birthDecade":"1960s","height":6.1,"iq":62},{"eyeColor":"Blue","gender":"Female","handedness":"Right","birthDecade":"1990s","height":5.7,"iq":79},{"eyeColor":"Blue","gender":"Male","handedness":"Left","birthDecade":"1960s","height":6.6,"iq":100},{"eyeColor":"Blue","gender":"Male","handedness":"Left","birthDecade":"1960s","height":5.4,"iq":82},{"eyeColor":"Green","gender":"Male","handedness":"Right","birthDecade":"1970s","height":6.1,"iq":58},{"eyeColor":"Green","gender":"Male","handedness":"Left","birthDecade":"1960s","height":5.2,"iq":130},{"eyeColor":"Blue","gender":"Female","handedness":"Right","birthDecade":"1970s","height":5.4,"iq":52},{"eyeColor":"Blue","gender":"Female","handedness":"Right","birthDecade":"1970s","height":5.7,"iq":71},{"eyeColor":"Brown","gender":"Male","handedness":"Right","birthDecade":"1970s","height":6.6,"iq":72},{"eyeColor":"Blue","gender":"Male","handedness":"Right","birthDecade":"1970s","height":6,"iq":145},{"eyeColor":"Green","gender":"Male","handedness":"Left","birthDecade":"1990s","height":6.6,"iq":94},{"eyeColor":"Blue","gender":"Male","handedness":"Right","birthDecade":"1990s","height":5.8,"iq":108},{"eyeColor":"Blue","gender":"Male","handedness":"Right","birthDecade":"1980s","height":5.2,"iq":53},{"eyeColor":"Blue","gender":"Male","handedness":"Right","birthDecade":"1990s","height":5.9,"iq":75},{"eyeColor":"Blue","gender":"Female","handedness":"Left","birthDecade":"1990s","height":5.3,"iq":96},{"eyeColor":"Brown","gender":"Male","handedness":"Left","birthDecade":"1990s","height":6.1,"iq":128},{"eyeColor":"Brown","gender":"Female","handedness":"Right","birthDecade":"1960s","height":6.8,"iq":104},{"eyeColor":"Brown","gender":"Female","handedness":"Right","birthDecade":"1990s","height":5.1,"iq":119},{"eyeColor":"Green","gender":"Male","handedness":"Right","birthDecade":"1990s","height":5.2,"iq":128},{"eyeColor":"Blue","gender":"Female","handedness":"Right","birthDecade":"1990s","height":6.5,"iq":62},{"eyeColor":"Blue","gender":"Male","handedness":"Left","birthDecade":"1960s","height":6.1,"iq":107},{"eyeColor":"Blue","gender":"Female","handedness":"Left","birthDecade":"1970s","height":6.7,"iq":64},{"eyeColor":"Blue","gender":"Female","handedness":"Left","birthDecade":"1980s","height":5.5,"iq":124},{"eyeColor":"Green","gender":"Female","handedness":"Right","birthDecade":"1980s","height":5.4,"iq":124},{"eyeColor":"Blue","gender":"Female","handedness":"Right","birthDecade":"1990s","height":5.5,"iq":137},{"eyeColor":"Blue","gender":"Female","handedness":"Right","birthDecade":"1970s","height":6.3,"iq":102},{"eyeColor":"Green","gender":"Male","handedness":"Right","birthDecade":"1980s","height":6.7,"iq":97},{"eyeColor":"Brown","gender":"Female","handedness":"Right","birthDecade":"1980s","height":6.3,"iq":104},{"eyeColor":"Green","gender":"Male","handedness":"Right","birthDecade":"1990s","height":5.3,"iq":117},{"eyeColor":"Blue","gender":"Male","handedness":"Right","birthDecade":"1960s","height":6.2,"iq":85},{"eyeColor":"Green","gender":"Male","handedness":"Left","birthDecade":"1980s","height":7,"iq":97},{"eyeColor":"Brown","gender":"Male","handedness":"Right","birthDecade":"1970s","height":5.4,"iq":114},{"eyeColor":"Brown","gender":"Male","handedness":"Right","birthDecade":"1980s","height":6.5,"iq":111},{"eyeColor":"Brown","gender":"Female","handedness":"Left","birthDecade":"1960s","height":5.6,"iq":132},{"eyeColor":"Brown","gender":"Male","handedness":"Right","birthDecade":"1970s","height":5.9,"iq":91},{"eyeColor":"Brown","gender":"Female","handedness":"Right","birthDecade":"1980s","height":6.2,"iq":64},{"eyeColor":"Brown","gender":"Male","handedness":"Left","birthDecade":"1980s","height":6.3,"iq":112},{"eyeColor":"Green","gender":"Female","handedness":"Right","birthDecade":"1960s","height":6.3,"iq":135},{"eyeColor":"Brown","gender":"Male","handedness":"Right","birthDecade":"1980s","height":5.5,"iq":84},{"eyeColor":"Brown","gender":"Male","handedness":"Right","birthDecade":"1960s","height":5.3,"iq":111},{"eyeColor":"Green","gender":"Male","handedness":"Right","birthDecade":"1960s","height":5.1,"iq":91},{"eyeColor":"Blue","gender":"Male","handedness":"Right","birthDecade":"1990s","height":5.1,"iq":98},{"eyeColor":"Blue","gender":"Male","handedness":"Left","birthDecade":"1980s","height":6.7,"iq":111},{"eyeColor":"Blue","gender":"Female","handedness":"Right","birthDecade":"1960s","height":5.2,"iq":87},{"eyeColor":"Green","gender":"Female","handedness":"Right","birthDecade":"1990s","height":6.4,"iq":131},{"eyeColor":"Green","gender":"Male","handedness":"Right","birthDecade":"1960s","height":6.1,"iq":105},{"eyeColor":"Green","gender":"Male","handedness":"Left","birthDecade":"1980s","height":6.4,"iq":78},{"eyeColor":"Brown","gender":"Male","handedness":"Right","birthDecade":"1980s","height":6.3,"iq":140},{"eyeColor":"Blue","gender":"Female","handedness":"Left","birthDecade":"1990s","height":5.9,"iq":99},{"eyeColor":"Blue","gender":"Female","handedness":"Right","birthDecade":"1970s","height":6.3,"iq":59},{"eyeColor":"Green","gender":"Male","handedness":"Right","birthDecade":"1960s","height":6.8,"iq":84},{"eyeColor":"Blue","gender":"Male","handedness":"Left","birthDecade":"1990s","height":5.8,"iq":86},{"eyeColor":"Blue","gender":"Male","handedness":"Left","birthDecade":"1980s","height":6.3,"iq":75},{"eyeColor":"Blue","gender":"Male","handedness":"Right","birthDecade":"1970s","height":5.7,"iq":122},{"eyeColor":"Brown","gender":"Male","handedness":"Left","birthDecade":"1980s","height":6.7,"iq":139},{"eyeColor":"Green","gender":"Female","handedness":"Right","birthDecade":"1980s","height":5.5,"iq":102},{"eyeColor":"Green","gender":"Female","handedness":"Left","birthDecade":"1970s","height":5.1,"iq":96},{"eyeColor":"Blue","gender":"Male","handedness":"Left","birthDecade":"1980s","height":6.1,"iq":119},{"eyeColor":"Brown","gender":"Male","handedness":"Left","birthDecade":"1970s","height":6.2,"iq":113},{"eyeColor":"Brown","gender":"Male","handedness":"Left","birthDecade":"1980s","height":6,"iq":55},{"eyeColor":"Blue","gender":"Male","handedness":"Right","birthDecade":"1970s","height":6.8,"iq":87},{"eyeColor":"Blue","gender":"Male","handedness":"Right","birthDecade":"1980s","height":6.2,"iq":116},{"eyeColor":"Green","gender":"Male","handedness":"Left","birthDecade":"1980s","height":6.2,"iq":67},{"eyeColor":"Green","gender":"Male","handedness":"Right","birthDecade":"1960s","height":6.8,"iq":120},{"eyeColor":"Brown","gender":"Female","handedness":"Left","birthDecade":"1980s","height":5.4,"iq":77},{"eyeColor":"Blue","gender":"Male","handedness":"Right","birthDecade":"1960s","height":5.7,"iq":71},{"eyeColor":"Blue","gender":"Male","handedness":"Right","birthDecade":"1970s","height":5.9,"iq":147},{"eyeColor":"Green","gender":"Female","handedness":"Left","birthDecade":"1990s","height":5.7,"iq":66},{"eyeColor":"Green","gender":"Male","handedness":"Left","birthDecade":"1960s","height":6.2,"iq":80},{"eyeColor":"Blue","gender":"Male","handedness":"Right","birthDecade":"1960s","height":7,"iq":78},{"eyeColor":"Green","gender":"Female","handedness":"Right","birthDecade":"1970s","height":5.2,"iq":134},{"eyeColor":"Brown","gender":"Female","handedness":"Left","birthDecade":"1980s","height":6.4,"iq":135},{"eyeColor":"Blue","gender":"Female","handedness":"Right","birthDecade":"1960s","height":6.8,"iq":91},{"eyeColor":"Brown","gender":"Female","handedness":"Left","birthDecade":"1970s","height":6.1,"iq":131},{"eyeColor":"Brown","gender":"Male","handedness":"Right","birthDecade":"1960s","height":5.6,"iq":89},{"eyeColor":"Green","gender":"Male","handedness":"Left","birthDecade":"1990s","height":6.9,"iq":135},{"eyeColor":"Green","gender":"Female","handedness":"Left","birthDecade":"1980s","height":5.6,"iq":55},{"eyeColor":"Brown","gender":"Male","handedness":"Left","birthDecade":"1990s","height":6.6,"iq":101},{"eyeColor":"Green","gender":"Male","handedness":"Left","birthDecade":"1980s","height":5.4,"iq":83},{"eyeColor":"Brown","gender":"Female","handedness":"Right","birthDecade":"1990s","height":5.1,"iq":83},{"eyeColor":"Brown","gender":"Male","handedness":"Right","birthDecade":"1960s","height":6.3,"iq":100},{"eyeColor":"Blue","gender":"Male","handedness":"Right","birthDecade":"1990s","height":5,"iq":122},{"eyeColor":"Green","gender":"Female","handedness":"Left","birthDecade":"1970s","height":5.3,"iq":128},{"eyeColor":"Brown","gender":"Male","handedness":"Right","birthDecade":"1990s","height":6.9,"iq":55},{"eyeColor":"Brown","gender":"Female","handedness":"Right","birthDecade":"1980s","height":6.8,"iq":98},{"eyeColor":"Green","gender":"Female","handedness":"Left","birthDecade":"1970s","height":5.9,"iq":102},{"eyeColor":"Brown","gender":"Female","handedness":"Right","birthDecade":"1970s","height":5.4,"iq":123},{"eyeColor":"Green","gender":"Female","handedness":"Right","birthDecade":"1990s","height":5.4,"iq":53},{"eyeColor":"Green","gender":"Male","handedness":"Left","birthDecade":"1960s","height":6,"iq":60},{"eyeColor":"Green","gender":"Female","handedness":"Right","birthDecade":"1990s","height":5.7,"iq":65},{"eyeColor":"Green","gender":"Male","handedness":"Left","birthDecade":"1970s","height":5.8,"iq":108},{"eyeColor":"Green","gender":"Male","handedness":"Right","birthDecade":"1980s","height":6.2,"iq":100},{"eyeColor":"Brown","gender":"Female","handedness":"Right","birthDecade":"1970s","height":5.2,"iq":94},{"eyeColor":"Blue","gender":"Female","handedness":"Left","birthDecade":"1970s","height":6.7,"iq":125},{"eyeColor":"Brown","gender":"Male","handedness":"Left","birthDecade":"1980s","height":6.9,"iq":61},{"eyeColor":"Blue","gender":"Female","handedness":"Right","birthDecade":"1970s","height":5.2,"iq":77},{"eyeColor":"Brown","gender":"Male","handedness":"Left","birthDecade":"1960s","height":5.9,"iq":118},{"eyeColor":"Brown","gender":"Female","handedness":"Left","birthDecade":"1970s","height":6.9,"iq":74},{"eyeColor":"Green","gender":"Male","handedness":"Right","birthDecade":"1970s","height":5.6,"iq":137},{"eyeColor":"Green","gender":"Male","handedness":"Right","birthDecade":"1990s","height":5.7,"iq":86},{"eyeColor":"Brown","gender":"Female","handedness":"Left","birthDecade":"1990s","height":5.4,"iq":91},{"eyeColor":"Brown","gender":"Male","handedness":"Left","birthDecade":"1960s","height":5.7,"iq":121},{"eyeColor":"Brown","gender":"Male","handedness":"Left","birthDecade":"1960s","height":5.4,"iq":72},{"eyeColor":"Green","gender":"Male","handedness":"Right","birthDecade":"1960s","height":5.2,"iq":119},{"eyeColor":"Green","gender":"Female","handedness":"Right","birthDecade":"1960s","height":5.9,"iq":101},{"eyeColor":"Brown","gender":"Male","handedness":"Right","birthDecade":"1960s","height":5.7,"iq":80},{"eyeColor":"Green","gender":"Male","handedness":"Right","birthDecade":"1990s","height":6.5,"iq":74},{"eyeColor":"Green","gender":"Female","handedness":"Left","birthDecade":"1990s","height":5.8,"iq":146},{"eyeColor":"Brown","gender":"Male","handedness":"Left","birthDecade":"1960s","height":6.6,"iq":125},{"eyeColor":"Blue","gender":"Female","handedness":"Left","birthDecade":"1980s","height":6.5,"iq":119},{"eyeColor":"Brown","gender":"Female","handedness":"Left","birthDecade":"1970s","height":6.7,"iq":96},{"eyeColor":"Blue","gender":"Female","handedness":"Left","birthDecade":"1970s","height":5.8,"iq":79},{"eyeColor":"Blue","gender":"Female","handedness":"Right","birthDecade":"1970s","height":6.8,"iq":114},{"eyeColor":"Green","gender":"Male","handedness":"Right","birthDecade":"1980s","height":6.3,"iq":64},{"eyeColor":"Green","gender":"Male","handedness":"Right","birthDecade":"1980s","height":6.5,"iq":124},{"eyeColor":"Green","gender":"Male","handedness":"Left","birthDecade":"1970s","height":5.5,"iq":71},{"eyeColor":"Blue","gender":"Female","handedness":"Left","birthDecade":"1980s","height":6.8,"iq":140},{"eyeColor":"Blue","gender":"Female","handedness":"Left","birthDecade":"1980s","height":5.6,"iq":123},{"eyeColor":"Blue","gender":"Female","handedness":"Right","birthDecade":"1970s","height":5.6,"iq":75},{"eyeColor":"Green","gender":"Male","handedness":"Right","birthDecade":"1990s","height":6.1,"iq":100},{"eyeColor":"Blue","gender":"Female","handedness":"Left","birthDecade":"1970s","height":6.2,"iq":109},{"eyeColor":"Brown","gender":"Male","handedness":"Right","birthDecade":"1990s","height":6.4,"iq":115},{"eyeColor":"Blue","gender":"Female","handedness":"Left","birthDecade":"1970s","height":5.2,"iq":120},{"eyeColor":"Green","gender":"Male","handedness":"Left","birthDecade":"1980s","height":6,"iq":110},{"eyeColor":"Brown","gender":"Male","handedness":"Right","birthDecade":"1990s","height":6.7,"iq":117},{"eyeColor":"Brown","gender":"Female","handedness":"Right","birthDecade":"1990s","height":5.9,"iq":121},{"eyeColor":"Blue","gender":"Female","handedness":"Left","birthDecade":"1960s","height":6.3,"iq":120},{"eyeColor":"Brown","gender":"Male","handedness":"Left","birthDecade":"1970s","height":5.2,"iq":94},{"eyeColor":"Brown","gender":"Male","handedness":"Left","birthDecade":"1990s","height":6.3,"iq":121},{"eyeColor":"Green","gender":"Female","handedness":"Right","birthDecade":"1970s","height":6,"iq":60},{"eyeColor":"Green","gender":"Female","handedness":"Left","birthDecade":"1970s","height":5.1,"iq":129},{"eyeColor":"Brown","gender":"Male","handedness":"Left","birthDecade":"1990s","height":5.5,"iq":127},{"eyeColor":"Green","gender":"Male","handedness":"Right","birthDecade":"1990s","height":5.4,"iq":118},{"eyeColor":"Green","gender":"Male","handedness":"Right","birthDecade":"1960s","height":6.6,"iq":132},{"eyeColor":"Blue","gender":"Male","handedness":"Right","birthDecade":"1960s","height":5.8,"iq":130},{"eyeColor":"Blue","gender":"Male","handedness":"Left","birthDecade":"1980s","height":6.1,"iq":111},{"eyeColor":"Green","gender":"Male","handedness":"Right","birthDecade":"1970s","height":5,"iq":99},{"eyeColor":"Blue","gender":"Female","handedness":"Left","birthDecade":"1960s","height":6.7,"iq":82},{"eyeColor":"Green","gender":"Female","handedness":"Right","birthDecade":"1960s","height":5.3,"iq":84},{"eyeColor":"Blue","gender":"Female","handedness":"Right","birthDecade":"1970s","height":5.5,"iq":102},{"eyeColor":"Blue","gender":"Female","handedness":"Right","birthDecade":"1960s","height":5.3,"iq":80},{"eyeColor":"Green","gender":"Female","handedness":"Right","birthDecade":"1980s","height":6.5,"iq":118},{"eyeColor":"Green","gender":"Female","handedness":"Right","birthDecade":"1990s","height":7,"iq":138},{"eyeColor":"Green","gender":"Female","handedness":"Right","birthDecade":"1970s","height":6.6,"iq":138},{"eyeColor":"Blue","gender":"Male","handedness":"Left","birthDecade":"1970s","height":5.4,"iq":79},{"eyeColor":"Green","gender":"Female","handedness":"Left","birthDecade":"1980s","height":6.4,"iq":93},{"eyeColor":"Blue","gender":"Female","handedness":"Left","birthDecade":"1960s","height":5.8,"iq":125},{"eyeColor":"Brown","gender":"Female","handedness":"Right","birthDecade":"1960s","height":5.1,"iq":86},{"eyeColor":"Blue","gender":"Male","handedness":"Right","birthDecade":"1970s","height":5,"iq":75},{"eyeColor":"Blue","gender":"Female","handedness":"Left","birthDecade":"1970s","height":6.3,"iq":118},{"eyeColor":"Brown","gender":"Male","handedness":"Left","birthDecade":"1980s","height":6.3,"iq":123},{"eyeColor":"Green","gender":"Female","handedness":"Right","birthDecade":"1970s","height":6.3,"iq":68},{"eyeColor":"Blue","gender":"Female","handedness":"Left","birthDecade":"1990s","height":6,"iq":100},{"eyeColor":"Brown","gender":"Female","handedness":"Right","birthDecade":"1960s","height":5.8,"iq":73},{"eyeColor":"Blue","gender":"Male","handedness":"Right","birthDecade":"1980s","height":5.5,"iq":115},{"eyeColor":"Green","gender":"Male","handedness":"Left","birthDecade":"1970s","height":5,"iq":126},{"eyeColor":"Brown","gender":"Male","handedness":"Left","birthDecade":"1980s","height":6.2,"iq":54},{"eyeColor":"Green","gender":"Male","handedness":"Right","birthDecade":"1980s","height":6.4,"iq":65},{"eyeColor":"Green","gender":"Female","handedness":"Left","birthDecade":"1970s","height":6.8,"iq":119},{"eyeColor":"Blue","gender":"Female","handedness":"Right","birthDecade":"1980s","height":6.8,"iq":61},{"eyeColor":"Blue","gender":"Female","handedness":"Right","birthDecade":"1990s","height":5.4,"iq":127},{"eyeColor":"Green","gender":"Female","handedness":"Right","birthDecade":"1960s","height":6.7,"iq":80},{"eyeColor":"Brown","gender":"Female","handedness":"Left","birthDecade":"1960s","height":6.5,"iq":138},{"eyeColor":"Blue","gender":"Male","handedness":"Left","birthDecade":"1980s","height":5.5,"iq":109},{"eyeColor":"Blue","gender":"Female","handedness":"Right","birthDecade":"1990s","height":5.4,"iq":112},{"eyeColor":"Blue","gender":"Male","handedness":"Right","birthDecade":"1970s","height":5.8,"iq":77},{"eyeColor":"Blue","gender":"Male","handedness":"Left","birthDecade":"1960s","height":6.4,"iq":133},{"eyeColor":"Brown","gender":"Male","handedness":"Right","birthDecade":"1990s","height":6.4,"iq":79},{"eyeColor":"Brown","gender":"Male","handedness":"Right","birthDecade":"1990s","height":6.5,"iq":123},{"eyeColor":"Brown","gender":"Male","handedness":"Left","birthDecade":"1980s","height":6.3,"iq":115},{"eyeColor":"Green","gender":"Female","handedness":"Left","birthDecade":"1980s","height":6.1,"iq":81},{"eyeColor":"Blue","gender":"Male","handedness":"Left","birthDecade":"1960s","height":6.8,"iq":116},{"eyeColor":"Blue","gender":"Female","handedness":"Right","birthDecade":"1990s","height":5.6,"iq":103},{"eyeColor":"Brown","gender":"Female","handedness":"Right","birthDecade":"1980s","height":5.4,"iq":97},{"eyeColor":"Brown","gender":"Male","handedness":"Right","birthDecade":"1990s","height":6.1,"iq":80},{"eyeColor":"Blue","gender":"Male","handedness":"Left","birthDecade":"1990s","height":6,"iq":119},{"eyeColor":"Blue","gender":"Male","handedness":"Left","birthDecade":"1990s","height":6.6,"iq":90},{"eyeColor":"Green","gender":"Female","handedness":"Right","birthDecade":"1970s","height":6.8,"iq":88},{"eyeColor":"Green","gender":"Female","handedness":"Left","birthDecade":"1970s","height":6,"iq":91},{"eyeColor":"Blue","gender":"Male","handedness":"Left","birthDecade":"1970s","height":5.5,"iq":85},{"eyeColor":"Green","gender":"Male","handedness":"Left","birthDecade":"1990s","height":7,"iq":138},{"eyeColor":"Brown","gender":"Female","handedness":"Right","birthDecade":"1980s","height":6.4,"iq":83},{"eyeColor":"Blue","gender":"Female","handedness":"Right","birthDecade":"1970s","height":6.8,"iq":94},{"eyeColor":"Green","gender":"Male","handedness":"Left","birthDecade":"1990s","height":6,"iq":76},{"eyeColor":"Blue","gender":"Female","handedness":"Right","birthDecade":"1970s","height":6.8,"iq":121},{"eyeColor":"Brown","gender":"Female","handedness":"Right","birthDecade":"1980s","height":6,"iq":54},{"eyeColor":"Green","gender":"Male","handedness":"Right","birthDecade":"1980s","height":5.2,"iq":107},{"eyeColor":"Blue","gender":"Male","handedness":"Left","birthDecade":"1990s","height":6.7,"iq":90},{"eyeColor":"Brown","gender":"Male","handedness":"Right","birthDecade":"1990s","height":6.7,"iq":134},{"eyeColor":"Green","gender":"Male","handedness":"Right","birthDecade":"1970s","height":5.1,"iq":75},{"eyeColor":"Brown","gender":"Female","handedness":"Right","birthDecade":"1960s","height":7,"iq":96},{"eyeColor":"Green","gender":"Female","handedness":"Left","birthDecade":"1960s","height":5.8,"iq":90},{"eyeColor":"Brown","gender":"Male","handedness":"Left","birthDecade":"1980s","height":5.9,"iq":107},{"eyeColor":"Brown","gender":"Male","handedness":"Left","birthDecade":"1970s","height":7,"iq":118},{"eyeColor":"Green","gender":"Female","handedness":"Right","birthDecade":"1960s","height":6.6,"iq":135},{"eyeColor":"Green","gender":"Female","handedness":"Left","birthDecade":"1960s","height":5.1,"iq":67},{"eyeColor":"Brown","gender":"Male","handedness":"Left","birthDecade":"1960s","height":6.4,"iq":89},{"eyeColor":"Green","gender":"Male","handedness":"Left","birthDecade":"1960s","height":6.1,"iq":90},{"eyeColor":"Green","gender":"Female","handedness":"Right","birthDecade":"1990s","height":6.3,"iq":106},{"eyeColor":"Green","gender":"Male","handedness":"Left","birthDecade":"1970s","height":5.7,"iq":135},{"eyeColor":"Green","gender":"Female","handedness":"Right","birthDecade":"1990s","height":5.2,"iq":98},{"eyeColor":"Blue","gender":"Female","handedness":"Left","birthDecade":"1960s","height":5.5,"iq":134},{"eyeColor":"Brown","gender":"Female","handedness":"Right","birthDecade":"1970s","height":7,"iq":75},{"eyeColor":"Blue","gender":"Female","handedness":"Left","birthDecade":"1960s","height":5.9,"iq":125},{"eyeColor":"Green","gender":"Female","handedness":"Right","birthDecade":"1990s","height":6.7,"iq":99},{"eyeColor":"Blue","gender":"Male","handedness":"Left","birthDecade":"1980s","height":5.8,"iq":133},{"eyeColor":"Brown","gender":"Female","handedness":"Left","birthDecade":"1980s","height":6,"iq":123},{"eyeColor":"Green","gender":"Male","handedness":"Right","birthDecade":"1960s","height":5.4,"iq":90},{"eyeColor":"Green","gender":"Female","handedness":"Right","birthDecade":"1970s","height":6.2,"iq":118},{"eyeColor":"Brown","gender":"Female","handedness":"Left","birthDecade":"1980s","height":6.2,"iq":125},{"eyeColor":"Green","gender":"Male","handedness":"Left","birthDecade":"1990s","height":5.1,"iq":126},{"eyeColor":"Blue","gender":"Female","handedness":"Left","birthDecade":"1970s","height":6.4,"iq":96},{"eyeColor":"Brown","gender":"Female","handedness":"Right","birthDecade":"1970s","height":6.4,"iq":121},{"eyeColor":"Green","gender":"Female","handedness":"Right","birthDecade":"1960s","height":5.8,"iq":78},{"eyeColor":"Green","gender":"Male","handedness":"Right","birthDecade":"1980s","height":5.5,"iq":106},{"eyeColor":"Blue","gender":"Male","handedness":"Left","birthDecade":"1960s","height":5.7,"iq":117},{"eyeColor":"Blue","gender":"Male","handedness":"Right","birthDecade":"1970s","height":6.8,"iq":64},{"eyeColor":"Brown","gender":"Female","handedness":"Left","birthDecade":"1960s","height":5.6,"iq":82},{"eyeColor":"Brown","gender":"Female","handedness":"Right","birthDecade":"1960s","height":5.7,"iq":121},{"eyeColor":"Green","gender":"Female","handedness":"Right","birthDecade":"1960s","height":5.1,"iq":95},{"eyeColor":"Green","gender":"Female","handedness":"Left","birthDecade":"1960s","height":6.3,"iq":76},{"eyeColor":"Brown","gender":"Male","handedness":"Right","birthDecade":"1990s","height":5.3,"iq":77},{"eyeColor":"Green","gender":"Female","handedness":"Right","birthDecade":"1990s","height":6.7,"iq":111},{"eyeColor":"Green","gender":"Male","handedness":"Right","birthDecade":"1970s","height":6.1,"iq":119},{"eyeColor":"Green","gender":"Female","handedness":"Left","birthDecade":"1990s","height":5,"iq":125},{"eyeColor":"Blue","gender":"Female","handedness":"Right","birthDecade":"1980s","height":5.6,"iq":96},{"eyeColor":"Brown","gender":"Male","handedness":"Right","birthDecade":"1990s","height":5.2,"iq":109},{"eyeColor":"Brown","gender":"Female","handedness":"Right","birthDecade":"1990s","height":6.4,"iq":118},{"eyeColor":"Brown","gender":"Male","handedness":"Left","birthDecade":"1990s","height":6.2,"iq":89},{"eyeColor":"Blue","gender":"Female","handedness":"Right","birthDecade":"1960s","height":5.3,"iq":95},{"eyeColor":"Blue","gender":"Male","handedness":"Left","birthDecade":"1990s","height":5.8,"iq":91},{"eyeColor":"Blue","gender":"Female","handedness":"Left","birthDecade":"1980s","height":5.4,"iq":148},{"eyeColor":"Brown","gender":"Female","handedness":"Right","birthDecade":"1970s","height":5.4,"iq":103},{"eyeColor":"Green","gender":"Female","handedness":"Left","birthDecade":"1960s","height":5,"iq":97},{"eyeColor":"Green","gender":"Male","handedness":"Left","birthDecade":"1970s","height":5.8,"iq":51},{"eyeColor":"Brown","gender":"Male","handedness":"Left","birthDecade":"1970s","height":6.1,"iq":125},{"eyeColor":"Blue","gender":"Female","handedness":"Left","birthDecade":"1980s","height":5.5,"iq":123},{"eyeColor":"Green","gender":"Female","handedness":"Left","birthDecade":"1980s","height":5.5,"iq":68},{"eyeColor":"Green","gender":"Male","handedness":"Right","birthDecade":"1970s","height":6.2,"iq":117},{"eyeColor":"Brown","gender":"Male","handedness":"Right","birthDecade":"1960s","height":5.4,"iq":125},{"eyeColor":"Green","gender":"Female","handedness":"Right","birthDecade":"1970s","height":5.5,"iq":113},{"eyeColor":"Brown","gender":"Male","handedness":"Left","birthDecade":"1980s","height":5.7,"iq":124},{"eyeColor":"Green","gender":"Male","handedness":"Right","birthDecade":"1980s","height":5.4,"iq":149},{"eyeColor":"Brown","gender":"Female","handedness":"Right","birthDecade":"1960s","height":5.3,"iq":86},{"eyeColor":"Blue","gender":"Male","handedness":"Right","birthDecade":"1980s","height":5.4,"iq":117},{"eyeColor":"Green","gender":"Male","handedness":"Right","birthDecade":"1960s","height":5.5,"iq":57},{"eyeColor":"Brown","gender":"Male","handedness":"Right","birthDecade":"1970s","height":6.1,"iq":131},{"eyeColor":"Green","gender":"Female","handedness":"Left","birthDecade":"1960s","height":7,"iq":52},{"eyeColor":"Green","gender":"Male","handedness":"Right","birthDecade":"1980s","height":5.9,"iq":60},{"eyeColor":"Brown","gender":"Male","handedness":"Right","birthDecade":"1960s","height":6.9,"iq":73},{"eyeColor":"Blue","gender":"Male","handedness":"Left","birthDecade":"1990s","height":5.3,"iq":125},{"eyeColor":"Green","gender":"Male","handedness":"Right","birthDecade":"1960s","height":5.8,"iq":103},{"eyeColor":"Blue","gender":"Female","handedness":"Left","birthDecade":"1990s","height":6,"iq":62},{"eyeColor":"Blue","gender":"Female","handedness":"Left","birthDecade":"1980s","height":6,"iq":78},{"eyeColor":"Blue","gender":"Male","handedness":"Left","birthDecade":"1970s","height":6.3,"iq":124},{"eyeColor":"Blue","gender":"Male","handedness":"Left","birthDecade":"1960s","height":5.1,"iq":58},{"eyeColor":"Blue","gender":"Female","handedness":"Right","birthDecade":"1990s","height":5,"iq":114},{"eyeColor":"Green","gender":"Female","handedness":"Right","birthDecade":"1970s","height":5.8,"iq":78},{"eyeColor":"Brown","gender":"Female","handedness":"Right","birthDecade":"1960s","height":6.3,"iq":100},{"eyeColor":"Blue","gender":"Female","handedness":"Left","birthDecade":"1980s","height":6.5,"iq":124},{"eyeColor":"Blue","gender":"Male","handedness":"Right","birthDecade":"1980s","height":6.7,"iq":80},{"eyeColor":"Green","gender":"Female","handedness":"Left","birthDecade":"1970s","height":6.4,"iq":81},{"eyeColor":"Blue","gender":"Male","handedness":"Right","birthDecade":"1980s","height":6.7,"iq":74},{"eyeColor":"Green","gender":"Female","handedness":"Left","birthDecade":"1970s","height":6.6,"iq":125},{"eyeColor":"Green","gender":"Male","handedness":"Right","birthDecade":"1960s","height":5.1,"iq":69},{"eyeColor":"Brown","gender":"Female","handedness":"Left","birthDecade":"1960s","height":5.8,"iq":89},{"eyeColor":"Blue","gender":"Female","handedness":"Left","birthDecade":"1960s","height":5.8,"iq":63},{"eyeColor":"Brown","gender":"Female","handedness":"Right","birthDecade":"1960s","height":5.1,"iq":144},{"eyeColor":"Blue","gender":"Male","handedness":"Right","birthDecade":"1980s","height":5.4,"iq":89},{"eyeColor":"Brown","gender":"Female","handedness":"Right","birthDecade":"1970s","height":6.5,"iq":65},{"eyeColor":"Green","gender":"Female","handedness":"Left","birthDecade":"1960s","height":6.1,"iq":130},{"eyeColor":"Green","gender":"Male","handedness":"Right","birthDecade":"1970s","height":5.1,"iq":97},{"eyeColor":"Green","gender":"Female","handedness":"Right","birthDecade":"1960s","height":6.5,"iq":113},{"eyeColor":"Blue","gender":"Male","handedness":"Left","birthDecade":"1980s","height":6.8,"iq":132},{"eyeColor":"Blue","gender":"Female","handedness":"Left","birthDecade":"1990s","height":5.1,"iq":118},{"eyeColor":"Green","gender":"Male","handedness":"Left","birthDecade":"1970s","height":5.7,"iq":121},{"eyeColor":"Green","gender":"Female","handedness":"Right","birthDecade":"1960s","height":6.6,"iq":76},{"eyeColor":"Green","gender":"Female","handedness":"Right","birthDecade":"1980s","height":6.2,"iq":119},{"eyeColor":"Green","gender":"Female","handedness":"Right","birthDecade":"1960s","height":5,"iq":64},{"eyeColor":"Blue","gender":"Female","handedness":"Left","birthDecade":"1960s","height":5.9,"iq":105},{"eyeColor":"Green","gender":"Female","handedness":"Left","birthDecade":"1980s","height":6.9,"iq":51},{"eyeColor":"Brown","gender":"Male","handedness":"Right","birthDecade":"1970s","height":6.2,"iq":69},{"eyeColor":"Blue","gender":"Male","handedness":"Left","birthDecade":"1970s","height":5.5,"iq":82},{"eyeColor":"Blue","gender":"Male","handedness":"Left","birthDecade":"1960s","height":5,"iq":85},{"eyeColor":"Green","gender":"Male","handedness":"Left","birthDecade":"1970s","height":6.7,"iq":136},{"eyeColor":"Blue","gender":"Female","handedness":"Right","birthDecade":"1980s","height":6.7,"iq":83},{"eyeColor":"Brown","gender":"Female","handedness":"Left","birthDecade":"1990s","height":5.5,"iq":71},{"eyeColor":"Blue","gender":"Female","handedness":"Left","birthDecade":"1960s","height":6.2,"iq":97},{"eyeColor":"Blue","gender":"Female","handedness":"Left","birthDecade":"1990s","height":6.7,"iq":126},{"eyeColor":"Brown","gender":"Female","handedness":"Left","birthDecade":"1990s","height":5.9,"iq":115},{"eyeColor":"Blue","gender":"Female","handedness":"Left","birthDecade":"1970s","height":6.8,"iq":107},{"eyeColor":"Brown","gender":"Female","handedness":"Right","birthDecade":"1990s","height":5,"iq":107},{"eyeColor":"Green","gender":"Female","handedness":"Left","birthDecade":"1990s","height":5.6,"iq":92},{"eyeColor":"Brown","gender":"Female","handedness":"Right","birthDecade":"1960s","height":5.2,"iq":137},{"eyeColor":"Green","gender":"Male","handedness":"Left","birthDecade":"1980s","height":5.5,"iq":75},{"eyeColor":"Brown","gender":"Female","handedness":"Left","birthDecade":"1980s","height":6.2,"iq":119},{"eyeColor":"Blue","gender":"Male","handedness":"Right","birthDecade":"1970s","height":6.2,"iq":104},{"eyeColor":"Green","gender":"Female","handedness":"Left","birthDecade":"1960s","height":5.1,"iq":123},{"eyeColor":"Brown","gender":"Male","handedness":"Left","birthDecade":"1970s","height":6.4,"iq":90},{"eyeColor":"Green","gender":"Male","handedness":"Right","birthDecade":"1990s","height":5.8,"iq":148},{"eyeColor":"Brown","gender":"Female","handedness":"Right","birthDecade":"1980s","height":6,"iq":124},{"eyeColor":"Blue","gender":"Male","handedness":"Right","birthDecade":"1990s","height":6.9,"iq":90},{"eyeColor":"Blue","gender":"Female","handedness":"Left","birthDecade":"1960s","height":6.7,"iq":74},{"eyeColor":"Brown","gender":"Male","handedness":"Left","birthDecade":"1970s","height":6.9,"iq":94},{"eyeColor":"Brown","gender":"Male","handedness":"Left","birthDecade":"1970s","height":6.2,"iq":136},{"eyeColor":"Blue","gender":"Female","handedness":"Left","birthDecade":"1990s","height":5.1,"iq":109},{"eyeColor":"Green","gender":"Female","handedness":"Left","birthDecade":"1970s","height":6.9,"iq":113},{"eyeColor":"Brown","gender":"Female","handedness":"Left","birthDecade":"1990s","height":5.5,"iq":74},{"eyeColor":"Green","gender":"Female","handedness":"Left","birthDecade":"1970s","height":5.3,"iq":89},{"eyeColor":"Green","gender":"Male","handedness":"Right","birthDecade":"1990s","height":5.9,"iq":64},{"eyeColor":"Green","gender":"Male","handedness":"Right","birthDecade":"1970s","height":5.2,"iq":88},{"eyeColor":"Green","gender":"Female","handedness":"Right","birthDecade":"1980s","height":6.5,"iq":57},{"eyeColor":"Green","gender":"Male","handedness":"Right","birthDecade":"1980s","height":5.1,"iq":67},{"eyeColor":"Green","gender":"Female","handedness":"Left","birthDecade":"1970s","height":5.9,"iq":81},{"eyeColor":"Green","gender":"Female","handedness":"Left","birthDecade":"1970s","height":5.7,"iq":136},{"eyeColor":"Green","gender":"Male","handedness":"Right","birthDecade":"1960s","height":6,"iq":130},{"eyeColor":"Brown","gender":"Male","handedness":"Left","birthDecade":"1980s","height":6.6,"iq":134},{"eyeColor":"Blue","gender":"Female","handedness":"Right","birthDecade":"1960s","height":6.5,"iq":113},{"eyeColor":"Brown","gender":"Female","handedness":"Left","birthDecade":"1980s","height":6.1,"iq":53},{"eyeColor":"Brown","gender":"Male","handedness":"Right","birthDecade":"1960s","height":6.3,"iq":121},{"eyeColor":"Blue","gender":"Female","handedness":"Right","birthDecade":"1970s","height":5.2,"iq":111},{"eyeColor":"Green","gender":"Male","handedness":"Right","birthDecade":"1990s","height":5.2,"iq":83},{"eyeColor":"Green","gender":"Female","handedness":"Left","birthDecade":"1990s","height":6.7,"iq":56},{"eyeColor":"Brown","gender":"Female","handedness":"Right","birthDecade":"1980s","height":5.2,"iq":125},{"eyeColor":"Blue","gender":"Female","handedness":"Left","birthDecade":"1970s","height":5.7,"iq":59},{"eyeColor":"Green","gender":"Male","handedness":"Right","birthDecade":"1970s","height":6.5,"iq":106},{"eyeColor":"Brown","gender":"Male","handedness":"Left","birthDecade":"1960s","height":6.1,"iq":98},{"eyeColor":"Blue","gender":"Female","handedness":"Right","birthDecade":"1970s","height":5.5,"iq":147},{"eyeColor":"Green","gender":"Female","handedness":"Left","birthDecade":"1990s","height":5.9,"iq":88},{"eyeColor":"Green","gender":"Female","handedness":"Right","birthDecade":"1970s","height":6.7,"iq":116},{"eyeColor":"Brown","gender":"Male","handedness":"Right","birthDecade":"1960s","height":6.4,"iq":141},{"eyeColor":"Blue","gender":"Male","handedness":"Left","birthDecade":"1970s","height":5.4,"iq":92},{"eyeColor":"Blue","gender":"Male","handedness":"Right","birthDecade":"1960s","height":6.3,"iq":92},{"eyeColor":"Blue","gender":"Female","handedness":"Right","birthDecade":"1990s","height":5.3,"iq":83},{"eyeColor":"Green","gender":"Male","handedness":"Right","birthDecade":"1970s","height":5.5,"iq":75},{"eyeColor":"Blue","gender":"Female","handedness":"Left","birthDecade":"1960s","height":5.8,"iq":59},{"eyeColor":"Green","gender":"Male","handedness":"Left","birthDecade":"1960s","height":5.4,"iq":129},{"eyeColor":"Green","gender":"Female","handedness":"Right","birthDecade":"1990s","height":5.3,"iq":72},{"eyeColor":"Green","gender":"Female","handedness":"Right","birthDecade":"1970s","height":6.5,"iq":102},{"eyeColor":"Brown","gender":"Female","handedness":"Left","birthDecade":"1960s","height":6.4,"iq":110},{"eyeColor":"Blue","gender":"Male","handedness":"Right","birthDecade":"1980s","height":6.8,"iq":95},{"eyeColor":"Green","gender":"Male","handedness":"Left","birthDecade":"1970s","height":6.1,"iq":84},{"eyeColor":"Brown","gender":"Female","handedness":"Left","birthDecade":"1990s","height":5,"iq":77},{"eyeColor":"Brown","gender":"Male","handedness":"Left","birthDecade":"1980s","height":6.8,"iq":107},{"eyeColor":"Blue","gender":"Male","handedness":"Left","birthDecade":"1980s","height":5,"iq":91},{"eyeColor":"Green","gender":"Male","handedness":"Left","birthDecade":"1960s","height":6.3,"iq":142},{"eyeColor":"Brown","gender":"Female","handedness":"Left","birthDecade":"1960s","height":6,"iq":110},{"eyeColor":"Brown","gender":"Male","handedness":"Left","birthDecade":"1960s","height":5.3,"iq":120},{"eyeColor":"Green","gender":"Male","handedness":"Left","birthDecade":"1980s","height":6.4,"iq":97},{"eyeColor":"Blue","gender":"Female","handedness":"Left","birthDecade":"1970s","height":6.6,"iq":141},{"eyeColor":"Green","gender":"Male","handedness":"Right","birthDecade":"1990s","height":5.1,"iq":115},{"eyeColor":"Green","gender":"Female","handedness":"Left","birthDecade":"1960s","height":5.7,"iq":100},{"eyeColor":"Blue","gender":"Male","handedness":"Left","birthDecade":"1980s","height":5.7,"iq":103},{"eyeColor":"Green","gender":"Male","handedness":"Right","birthDecade":"1970s","height":5.8,"iq":123},{"eyeColor":"Blue","gender":"Female","handedness":"Right","birthDecade":"1980s","height":6.6,"iq":99},{"eyeColor":"Green","gender":"Female","handedness":"Right","birthDecade":"1970s","height":5.5,"iq":117},{"eyeColor":"Green","gender":"Male","handedness":"Left","birthDecade":"1970s","height":5.5,"iq":138}]}
